dBm,LNA,MIX,VGA,signal,noise,adc_min,adc_max,above_threshold
-65.0,0,0,0,-58.97,-65.60,-6,7,0.00
-65.0,0,1,0,-57.69,-65.65,-6,8,0.00
-65.0,0,2,0,-55.82,-65.61,-6,8,0.00
-65.0,0,3,0,-54.16,-65.63,-7,8,0.00
-65.0,0,4,0,-52.76,-65.61,-8,9,0.00
-65.0,0,5,0,-51.38,-65.61,-8,10,0.00
-65.0,0,6,0,-49.92,-65.58,-9,10,0.00
-65.0,0,7,0,-48.49,-65.56,-10,11,0.00
-65.0,0,8,0,-47.07,-65.53,-11,12,0.00
-65.0,0,9,0,-45.63,-65.50,-12,13,0.00
-65.0,0,10,0,-44.18,-65.49,-14,14,0.00
-65.0,0,11,0,-42.85,-65.38,-16,17,0.00
-65.0,0,12,0,-41.58,-65.37,-17,19,0.00
-65.0,0,13,0,-41.57,-65.34,-17,19,0.00
-65.0,0,14,0,-41.59,-65.32,-17,18,0.00
-65.0,0,15,0,-41.59,-65.34,-17,20,0.00
-68.0,1,0,0,-58.84,-65.61,-5,7,0.00
-68.0,1,1,0,-57.54,-65.58,-7,8,0.00
-68.0,1,2,0,-55.66,-65.59,-7,7,0.00
-68.0,1,3,0,-54.02,-65.55,-7,9,0.00
-68.0,1,4,0,-52.62,-65.56,-7,9,0.00
-68.0,1,5,0,-51.24,-65.53,-8,10,0.00
-68.0,1,6,0,-49.79,-65.55,-9,10,0.00
-68.0,1,7,0,-48.33,-65.51,-10,12,0.00
-68.0,1,8,0,-46.92,-65.45,-11,13,0.00
-68.0,1,9,0,-45.47,-65.41,-13,14,0.00
-68.0,1,10,0,-44.01,-65.35,-14,16,0.00
-68.0,1,11,0,-42.69,-65.22,-16,16,0.00
-68.0,1,12,0,-41.42,-65.10,-18,20,0.00
-68.0,1,13,0,-41.43,-65.09,-18,19,0.00
-68.0,1,14,0,-41.44,-65.13,-17,19,0.00
-68.0,1,15,0,-41.44,-65.10,-17,20,0.00
-71.0,2,0,0,-57.97,-65.54,-6,8,0.00
-71.0,2,1,0,-56.65,-65.58,-7,8,0.00
-71.0,2,2,0,-54.81,-65.55,-7,8,0.00
-71.0,2,3,0,-53.14,-65.50,-8,8,0.00
-71.0,2,4,0,-51.74,-65.49,-8,9,0.00
-71.0,2,5,0,-50.36,-65.46,-9,11,0.00
-71.0,2,6,0,-48.91,-65.39,-10,12,0.00
-71.0,2,7,0,-47.46,-65.38,-11,13,0.00
-71.0,2,8,0,-46.05,-65.26,-12,13,0.00
-71.0,2,9,0,-44.61,-65.12,-13,16,0.00
-71.0,2,10,0,-43.14,-64.97,-16,16,0.00
-71.0,2,11,0,-41.83,-64.74,-17,19,0.00
-71.0,2,12,0,-40.55,-64.49,-20,20,0.00
-71.0,2,13,0,-40.56,-64.54,-19,20,0.00
-71.0,2,14,0,-40.56,-64.51,-20,19,0.00
-71.0,2,15,0,-40.57,-64.54,-20,20,0.00
-74.0,3,0,0,-58.00,-65.54,-6,8,0.00
-74.0,3,1,0,-56.72,-65.53,-6,8,0.00
-74.0,3,2,0,-54.85,-65.50,-7,9,0.00
-74.0,3,3,0,-53.19,-65.42,-8,10,0.00
-74.0,3,4,0,-51.78,-65.41,-8,10,0.00
-74.0,3,5,0,-50.41,-65.32,-9,10,0.00
-74.0,3,6,0,-48.96,-65.22,-10,11,0.00
-74.0,3,7,0,-47.52,-65.08,-11,13,0.00
-74.0,3,8,0,-46.10,-64.94,-12,13,0.00
-74.0,3,9,0,-44.66,-64.71,-14,15,0.00
-74.0,3,10,0,-43.20,-64.45,-16,15,0.00
-74.0,3,11,0,-41.87,-64.05,-18,19,0.00
-74.0,3,12,0,-40.61,-63.68,-20,19,0.00
-74.0,3,13,0,-40.60,-63.69,-20,21,0.00
-74.0,3,14,0,-40.62,-63.67,-20,20,0.00
-74.0,3,15,0,-40.62,-63.70,-20,20,0.00
-77.0,4,0,0,-59.24,-65.53,-6,7,0.00
-77.0,4,1,0,-57.95,-65.46,-6,7,0.00
-77.0,4,2,0,-56.07,-65.46,-7,8,0.00
-77.0,4,3,0,-54.43,-65.34,-7,8,0.00
-77.0,4,4,0,-53.01,-65.29,-8,8,0.00
-77.0,4,5,0,-51.65,-65.19,-9,9,0.00
-77.0,4,6,0,-50.19,-65.05,-9,11,0.00
-77.0,4,7,0,-48.74,-64.86,-10,11,0.00
-77.0,4,8,0,-47.34,-64.61,-11,13,0.00
-77.0,4,9,0,-45.89,-64.33,-13,13,0.00
-77.0,4,10,0,-44.42,-63.96,-15,16,0.00
-77.0,4,11,0,-43.10,-63.51,-16,17,0.00
-77.0,4,12,0,-41.83,-62.99,-19,18,0.00
-77.0,4,13,0,-41.84,-63.00,-19,19,0.00
-77.0,4,14,0,-41.84,-63.02,-19,18,0.00
-77.0,4,15,0,-41.85,-63.02,-18,17,0.00
-77.0,5,0,0,-57.59,-65.45,-6,8,0.00
-77.0,5,1,0,-56.28,-65.44,-7,7,0.00
-77.0,5,2,0,-54.41,-65.36,-8,8,0.00
-77.0,5,3,0,-52.74,-65.25,-8,8,0.00
-77.0,5,4,0,-51.35,-65.13,-9,9,0.00
-77.0,5,5,0,-49.98,-65.00,-9,10,0.00
-77.0,5,6,0,-48.52,-64.81,-11,11,0.00
-77.0,5,7,0,-47.09,-64.59,-12,13,0.00
-77.0,5,8,0,-45.67,-64.25,-13,13,0.00
-77.0,5,9,0,-44.22,-63.83,-15,16,0.00
-77.0,5,10,0,-42.77,-63.32,-17,16,0.00
-77.0,5,11,0,-41.44,-62.80,-19,19,0.00
-77.0,5,12,0,-40.17,-62.14,-21,21,0.00
-77.0,5,13,0,-40.18,-62.15,-22,23,0.00
-77.0,5,14,0,-40.18,-62.16,-22,21,0.00
-77.0,5,15,0,-40.18,-62.18,-22,21,0.00
-80.0,6,0,0,-57.69,-65.32,-6,7,0.00
-80.0,6,1,0,-56.35,-65.29,-8,8,0.00
-80.0,6,2,0,-54.50,-65.11,-8,8,0.00
-80.0,6,3,0,-52.86,-64.95,-8,9,0.00
-80.0,6,4,0,-51.45,-64.76,-9,8,0.00
-80.0,6,5,0,-50.08,-64.54,-10,11,0.00
-80.0,6,6,0,-48.62,-64.17,-12,12,0.00
-80.0,6,7,0,-47.17,-63.77,-12,12,0.00
-80.0,6,8,0,-45.76,-63.28,-13,14,0.00
-80.0,6,9,0,-44.32,-62.66,-15,15,0.00
-80.0,6,10,0,-42.86,-61.90,-17,17,0.00
-80.0,6,11,0,-41.54,-61.10,-20,19,0.00
-80.0,6,12,0,-40.28,-60.29,-23,22,0.00
-80.0,6,13,0,-40.28,-60.29,-22,22,0.00
-80.0,6,14,0,-40.28,-60.30,-22,22,0.00
-80.0,6,15,0,-40.28,-60.30,-23,22,0.00
-83.0,7,0,0,-57.90,-65.15,-7,6,0.00
-83.0,7,1,0,-56.59,-64.99,-7,9,0.00
-83.0,7,2,0,-54.73,-64.78,-7,8,0.00
-83.0,7,3,0,-53.08,-64.47,-8,10,0.00
-83.0,7,4,0,-51.67,-64.11,-9,10,0.00
-83.0,7,5,0,-50.30,-63.66,-10,10,0.00
-83.0,7,6,0,-48.85,-63.13,-11,12,0.00
-83.0,7,7,0,-47.40,-62.52,-12,12,0.00
-83.0,7,8,0,-45.99,-61.78,-14,13,0.00
-83.0,7,9,0,-44.54,-60.95,-16,17,0.00
-83.0,7,10,0,-43.09,-59.94,-18,18,0.00
-83.0,7,11,0,-41.77,-58.99,-22,21,0.00
-83.0,7,12,0,-40.50,-58.02,-25,23,0.00
-83.0,7,13,0,-40.51,-58.04,-25,23,0.00
-83.0,7,14,0,-40.50,-58.08,-24,23,0.00
-83.0,7,15,0,-40.51,-58.03,-24,23,0.00
-86.0,8,0,0,-57.45,-64.65,-7,7,0.00
-86.0,8,1,0,-56.15,-64.46,-8,9,0.00
-86.0,8,2,0,-54.30,-64.02,-8,8,0.00
-86.0,8,3,0,-52.65,-63.49,-9,8,0.00
-86.0,8,4,0,-51.24,-62.91,-10,10,0.00
-86.0,8,5,0,-49.87,-62.27,-11,12,0.00
-86.0,8,6,0,-48.42,-61.51,-13,11,0.00
-86.0,8,7,0,-46.98,-60.58,-14,13,0.00
-86.0,8,8,0,-45.57,-59.65,-16,15,0.00
-86.0,8,9,0,-44.13,-58.58,-19,17,0.00
-86.0,8,10,0,-42.66,-57.40,-21,20,0.00
-86.0,8,11,0,-41.33,-56.30,-25,23,0.00
-86.0,8,12,0,-40.07,-55.25,-29,28,0.00
-86.0,8,13,0,-40.08,-55.25,-28,26,0.00
-86.0,8,14,0,-40.08,-55.26,-29,26,0.00
-86.0,8,15,0,-40.07,-55.25,-29,29,0.00
-86.0,9,0,0,-55.90,-64.33,-8,9,0.00
-86.0,9,1,0,-54.59,-64.08,-8,7,0.00
-86.0,9,2,0,-52.72,-63.46,-9,9,0.00
-86.0,9,3,0,-51.07,-62.82,-10,10,0.00
-86.0,9,4,0,-49.67,-62.13,-10,10,0.00
-86.0,9,5,0,-48.30,-61.36,-13,13,0.00
-86.0,9,6,0,-46.84,-60.41,-15,14,0.00
-86.0,9,7,0,-45.41,-59.45,-17,15,0.00
-86.0,9,8,0,-44.00,-58.39,-19,18,0.00
-86.0,9,9,0,-42.55,-57.22,-22,22,0.00
-86.0,9,10,0,-41.08,-56.00,-27,25,0.00
-86.0,9,11,0,-39.75,-54.86,-31,28,0.00
-86.0,9,12,0,-38.49,-53.74,-34,32,0.00
-86.0,9,13,0,-38.50,-53.75,-36,33,0.00
-86.0,9,14,0,-38.50,-53.73,-34,32,0.00
-86.0,9,15,0,-38.51,-53.76,-35,36,0.00
-86.0,10,0,0,-55.34,-64.19,-8,8,0.00
-86.0,10,1,0,-54.01,-63.87,-8,8,0.00
-86.0,10,2,0,-52.15,-63.23,-10,9,0.00
-86.0,10,3,0,-50.50,-62.53,-10,10,0.00
-86.0,10,4,0,-49.10,-61.80,-12,12,0.00
-86.0,10,5,0,-47.72,-60.97,-13,12,0.00
-86.0,10,6,0,-46.27,-60.04,-15,16,0.00
-86.0,10,7,0,-44.83,-59.02,-18,18,0.00
-86.0,10,8,0,-43.43,-57.90,-21,19,0.00
-86.0,10,9,0,-41.99,-56.69,-24,22,0.00
-86.0,10,10,0,-40.53,-55.48,-27,27,0.00
-86.0,10,11,0,-39.18,-54.32,-31,32,0.00
-86.0,10,12,0,-37.93,-53.18,-35,35,0.00
-86.0,10,13,0,-37.94,-53.20,-36,35,0.00
-86.0,10,14,0,-37.94,-53.20,-38,35,0.00
-86.0,10,15,0,-37.93,-53.23,-38,34,0.00
-89.0,11,0,0,-57.75,-64.02,-7,7,0.00
-89.0,11,1,0,-56.45,-63.70,-7,7,0.00
-89.0,11,2,0,-54.56,-62.98,-9,9,0.00
-89.0,11,3,0,-52.93,-62.23,-9,10,0.00
-89.0,11,4,0,-51.53,-61.43,-10,10,0.00
-89.0,11,5,0,-50.15,-60.62,-11,12,0.00
-89.0,11,6,0,-48.69,-59.63,-14,13,0.00
-89.0,11,7,0,-47.25,-58.50,-16,15,0.00
-89.0,11,8,0,-45.85,-57.44,-17,17,0.00
-89.0,11,9,0,-44.40,-56.23,-21,19,0.00
-89.0,11,10,0,-42.93,-54.95,-25,24,0.00
-89.0,11,11,0,-41.62,-53.79,-29,27,0.00
-89.0,11,12,0,-40.35,-52.65,-31,32,0.00
-89.0,11,13,0,-40.35,-52.67,-31,33,0.00
-89.0,11,14,0,-40.35,-52.69,-32,31,0.00
-89.0,11,15,0,-40.36,-52.67,-30,29,0.00
-89.0,12,0,0,-57.01,-63.78,-7,8,0.00
-89.0,12,1,0,-55.69,-63.39,-8,9,0.00
-89.0,12,2,0,-53.82,-62.62,-9,9,0.00
-89.0,12,3,0,-52.17,-61.80,-11,9,0.00
-89.0,12,4,0,-50.77,-60.96,-11,12,0.00
-89.0,12,5,0,-49.40,-60.07,-12,12,0.00
-89.0,12,6,0,-47.95,-59.04,-15,14,0.00
-89.0,12,7,0,-46.50,-57.91,-17,16,0.00
-89.0,12,8,0,-45.09,-56.74,-21,18,0.00
-89.0,12,9,0,-43.65,-55.55,-23,23,0.00
-89.0,12,10,0,-42.19,-54.24,-28,26,0.00
-89.0,12,11,0,-40.86,-53.03,-30,30,0.00
-89.0,12,12,0,-39.60,-51.92,-35,34,0.00
-89.0,12,13,0,-39.60,-51.93,-34,34,0.00
-89.0,12,14,0,-39.60,-51.88,-35,33,0.00
-89.0,12,15,0,-39.60,-51.93,-36,36,0.00
-89.0,13,0,0,-56.98,-63.77,-7,8,0.00
-89.0,13,1,0,-55.64,-63.35,-8,9,0.00
-89.0,13,2,0,-53.78,-62.59,-9,8,0.00
-89.0,13,3,0,-52.15,-61.77,-10,10,0.00
-89.0,13,4,0,-50.72,-60.94,-12,11,0.00
-89.0,13,5,0,-49.35,-60.04,-13,11,0.00
-89.0,13,6,0,-47.90,-58.99,-15,13,0.00
-89.0,13,7,0,-46.46,-57.84,-18,15,0.00
-89.0,13,8,0,-45.06,-56.72,-20,18,0.00
-89.0,13,9,0,-43.60,-55.47,-24,21,0.00
-89.0,13,10,0,-42.14,-54.22,-26,24,0.00
-89.0,13,11,0,-40.83,-53.01,-30,29,0.00
-89.0,13,12,0,-39.56,-51.88,-35,33,0.00
-89.0,13,13,0,-39.57,-51.86,-35,33,0.00
-89.0,13,14,0,-39.57,-51.87,-34,33,0.00
-89.0,13,15,0,-39.57,-51.90,-39,33,0.00
-89.0,14,0,0,-55.68,-63.26,-8,8,0.00
-89.0,14,1,0,-54.36,-62.78,-9,8,0.00
-89.0,14,2,0,-52.50,-61.93,-10,11,0.00
-89.0,14,3,0,-50.83,-60.94,-12,10,0.00
-89.0,14,4,0,-49.44,-60.03,-13,11,0.00
-89.0,14,5,0,-48.08,-59.03,-14,14,0.00
-89.0,14,6,0,-46.62,-57.92,-16,15,0.00
-89.0,14,7,0,-45.18,-56.74,-20,18,0.00
-89.0,14,8,0,-43.77,-55.56,-22,21,0.00
-89.0,14,9,0,-42.32,-54.26,-26,25,0.00
-89.0,14,10,0,-40.88,-52.94,-30,29,0.00
-89.0,14,11,0,-39.55,-51.77,-35,35,0.00
-89.0,14,12,0,-38.28,-50.59,-39,38,0.00
-89.0,14,13,0,-38.28,-50.61,-41,39,0.00
-89.0,14,14,0,-38.28,-50.60,-40,40,0.00
-89.0,14,15,0,-38.28,-50.62,-42,39,0.00
-89.0,15,0,0,-55.05,-62.99,-8,9,0.00
-89.0,15,1,0,-53.74,-62.46,-9,9,0.00
-89.0,15,2,0,-51.89,-61.52,-10,9,0.00
-89.0,15,3,0,-50.23,-60.51,-12,11,0.00
-89.0,15,4,0,-48.82,-59.58,-13,12,0.00
-89.0,15,5,0,-47.45,-58.51,-16,15,0.00
-89.0,15,6,0,-46.00,-57.41,-18,17,0.00
-89.0,15,7,0,-44.56,-56.24,-21,19,0.00
-89.0,15,8,0,-43.16,-54.98,-25,22,0.00
-89.0,15,9,0,-41.72,-53.67,-28,28,0.00
-89.0,15,10,0,-40.26,-52.38,-31,31,0.00
-89.0,15,11,0,-38.94,-51.16,-39,36,0.00
-89.0,15,12,0,-37.68,-50.01,-41,44,0.00
-89.0,15,13,0,-37.67,-49.97,-43,44,0.00
-89.0,15,14,0,-37.69,-50.01,-43,43,0.00
-89.0,15,15,0,-37.68,-50.01,-42,43,0.00
dBm,LNA,MIX,VGA,signal,noise,adc_min,adc_max,above_threshold
-68.0,0,0,1,-59.58,-65.64,-8,5,0.00
-68.0,0,1,1,-58.28,-65.61,-8,5,0.00
-68.0,0,2,1,-56.41,-65.56,-9,5,0.00
-68.0,0,3,1,-54.76,-65.55,-10,6,0.00
-68.0,0,4,1,-53.37,-65.56,-10,7,0.00
-68.0,0,5,1,-51.99,-65.51,-10,7,0.00
-68.0,0,6,1,-50.54,-65.53,-11,7,0.00
-68.0,0,7,1,-49.11,-65.48,-12,8,0.00
-68.0,0,8,1,-47.70,-65.42,-14,9,0.00
-68.0,0,9,1,-46.26,-65.36,-14,11,0.00
-68.0,0,10,1,-44.79,-65.26,-16,13,0.00
-68.0,0,11,1,-43.47,-65.18,-17,13,0.00
-68.0,0,12,1,-42.21,-65.04,-20,15,0.00
-68.0,0,13,1,-42.22,-65.04,-19,16,0.00
-68.0,0,14,1,-42.22,-65.09,-20,16,0.00
-68.0,0,15,1,-42.23,-65.06,-19,15,0.00
-71.0,1,0,1,-59.33,-65.58,-8,4,0.00
-71.0,1,1,1,-58.00,-65.59,-9,6,0.00
-71.0,1,2,1,-56.14,-65.58,-9,5,0.00
-71.0,1,3,1,-54.48,-65.56,-9,6,0.00
-71.0,1,4,1,-53.08,-65.51,-10,6,0.00
-71.0,1,5,1,-51.71,-65.49,-11,8,0.00
-71.0,1,6,1,-50.26,-65.44,-11,8,0.00
-71.0,1,7,1,-48.82,-65.36,-13,9,0.00
-71.0,1,8,1,-47.42,-65.28,-13,9,0.00
-71.0,1,9,1,-45.98,-65.20,-15,10,0.00
-71.0,1,10,1,-44.52,-65.04,-16,13,0.00
-71.0,1,11,1,-43.20,-64.86,-18,13,0.00
-71.0,1,12,1,-41.94,-64.65,-20,16,0.00
-71.0,1,13,1,-41.94,-64.66,-20,15,0.00
-71.0,1,14,1,-41.94,-64.68,-20,15,0.00
-71.0,1,15,1,-41.94,-64.67,-20,15,0.00
-74.0,2,0,1,-58.44,-65.58,-9,4,0.00
-74.0,2,1,1,-57.12,-65.54,-9,5,0.00
-74.0,2,2,1,-55.25,-65.49,-9,4,0.00
-74.0,2,3,1,-53.60,-65.47,-10,7,0.00
-74.0,2,4,1,-52.19,-65.39,-10,6,0.00
-74.0,2,5,1,-50.83,-65.36,-11,7,0.00
-74.0,2,6,1,-49.37,-65.23,-12,8,0.00
-74.0,2,7,1,-47.94,-65.12,-13,9,0.00
-74.0,2,8,1,-46.53,-64.97,-15,10,0.00
-74.0,2,9,1,-45.09,-64.72,-16,11,0.00
-74.0,2,10,1,-43.62,-64.43,-17,12,0.00
-74.0,2,11,1,-42.30,-64.09,-19,16,0.00
-74.0,2,12,1,-41.04,-63.76,-22,18,0.00
-74.0,2,13,1,-41.04,-63.72,-22,17,0.00
-74.0,2,14,1,-41.06,-63.71,-21,18,0.00
-74.0,2,15,1,-41.04,-63.73,-22,18,0.00
-77.0,3,0,1,-58.35,-65.51,-9,5,0.00
-77.0,3,1,1,-57.06,-65.50,-9,5,0.00
-77.0,3,2,1,-55.18,-65.44,-9,5,0.00
-77.0,3,3,1,-53.51,-65.31,-10,5,0.00
-77.0,3,4,1,-52.12,-65.23,-11,5,0.00
-77.0,3,5,1,-50.76,-65.10,-12,8,0.00
-77.0,3,6,1,-49.30,-64.91,-12,8,0.00
-77.0,3,7,1,-47.86,-64.68,-14,10,0.00
-77.0,3,8,1,-46.45,-64.39,-14,9,0.00
-77.0,3,9,1,-45.02,-64.01,-17,11,0.00
-77.0,3,10,1,-43.55,-63.54,-18,15,0.00
-77.0,3,11,1,-42.23,-63.05,-20,16,0.00
-77.0,3,12,1,-40.97,-62.46,-22,18,0.00
-77.0,3,13,1,-40.96,-62.50,-23,17,0.00
-77.0,3,14,1,-40.97,-62.46,-22,18,0.00
-77.0,3,15,1,-40.97,-62.46,-22,17,0.00
-77.0,4,0,1,-56.56,-65.48,-10,4,0.00
-77.0,4,1,1,-55.24,-65.42,-11,5,0.00
-77.0,4,2,1,-53.37,-65.31,-10,6,0.00
-77.0,4,3,1,-51.71,-65.18,-11,7,0.00
-77.0,4,4,1,-50.31,-65.04,-12,7,0.00
-77.0,4,5,1,-48.94,-64.87,-13,9,0.00
-77.0,4,6,1,-47.50,-64.63,-14,10,0.00
-77.0,4,7,1,-46.05,-64.29,-15,10,0.00
-77.0,4,8,1,-44.64,-63.92,-17,11,0.00
-77.0,4,9,1,-43.20,-63.39,-19,14,0.00
-77.0,4,10,1,-41.73,-62.80,-21,15,0.00
-77.0,4,11,1,-40.41,-62.17,-24,18,0.00
-77.0,4,12,1,-39.15,-61.50,-27,21,0.00
-77.0,4,13,1,-39.15,-61.47,-27,21,0.00
-77.0,4,14,1,-39.15,-61.47,-26,21,0.00
-77.0,4,15,1,-39.15,-61.48,-27,21,0.00
-80.0,5,0,1,-57.87,-65.37,-9,4,0.00
-80.0,5,1,1,-56.58,-65.31,-9,6,0.00
-80.0,5,2,1,-54.71,-65.18,-9,5,0.00
-80.0,5,3,1,-53.06,-64.99,-10,7,0.00
-80.0,5,4,1,-51.65,-64.82,-11,6,0.00
-80.0,5,5,1,-50.27,-64.56,-12,6,0.00
-80.0,5,6,1,-48.84,-64.24,-13,8,0.00
-80.0,5,7,1,-47.40,-63.83,-14,9,0.00
-80.0,5,8,1,-45.99,-63.31,-16,12,0.00
-80.0,5,9,1,-44.54,-62.64,-17,13,0.00
-80.0,5,10,1,-43.08,-61.93,-20,15,0.00
-80.0,5,11,1,-41.75,-61.19,-22,17,0.00
-80.0,5,12,1,-40.50,-60.36,-25,18,0.00
-80.0,5,13,1,-40.50,-60.37,-25,20,0.00
-80.0,5,14,1,-40.50,-60.38,-24,19,0.00
-80.0,5,15,1,-40.50,-60.38,-25,19,0.00
-83.0,6,0,1,-58.08,-65.15,-9,5,0.00
-83.0,6,1,1,-56.77,-65.05,-9,5,0.00
-83.0,6,2,1,-54.91,-64.81,-10,7,0.00
-83.0,6,3,1,-53.24,-64.49,-11,7,0.00
-83.0,6,4,1,-51.84,-64.15,-11,6,0.00
-83.0,6,5,1,-50.47,-63.74,-12,8,0.00
-83.0,6,6,1,-49.02,-63.22,-13,9,0.00
-83.0,6,7,1,-47.58,-62.55,-15,9,0.00
-83.0,6,8,1,-46.17,-61.82,-16,10,0.00
-83.0,6,9,1,-44.73,-60.94,-18,12,0.00
-83.0,6,10,1,-43.27,-60.00,-20,15,0.00
-83.0,6,11,1,-41.96,-59.03,-23,18,0.00
-83.0,6,12,1,-40.68,-58.08,-26,20,0.00
-83.0,6,13,1,-40.69,-58.10,-26,21,0.00
-83.0,6,14,1,-40.70,-58.07,-27,20,0.00
-83.0,6,15,1,-40.70,-58.08,-27,21,0.00
-86.0,7,0,1,-57.86,-64.78,-9,5,0.00
-86.0,7,1,1,-56.54,-64.57,-10,6,0.00
-86.0,7,2,1,-54.66,-64.13,-10,5,0.00
-86.0,7,3,1,-53.03,-63.61,-12,8,0.00
-86.0,7,4,1,-51.63,-63.14,-12,8,0.00
-86.0,7,5,1,-50.26,-62.47,-13,8,0.00
-86.0,7,6,1,-48.82,-61.74,-15,9,0.00
-86.0,7,7,1,-47.39,-60.86,-17,10,0.00
-86.0,7,8,1,-45.98,-59.88,-19,12,0.00
-86.0,7,9,1,-44.54,-58.83,-20,15,0.00
-86.0,7,10,1,-43.08,-57.65,-23,17,0.00
-86.0,7,11,1,-41.75,-56.61,-26,21,0.00
-86.0,7,12,1,-40.49,-55.54,-29,23,0.00
-86.0,7,13,1,-40.48,-55.55,-29,24,0.00
-86.0,7,14,1,-40.49,-55.53,-29,24,0.00
-86.0,7,15,1,-40.48,-55.54,-29,26,0.00
-89.0,8,0,1,-57.63,-64.03,-9,4,0.00
-89.0,8,1,1,-56.31,-63.69,-10,6,0.00
-89.0,8,2,1,-54.43,-62.96,-11,6,0.00
-89.0,8,3,1,-52.78,-62.18,-12,8,0.00
-89.0,8,4,1,-51.38,-61.41,-13,8,0.00
-89.0,8,5,1,-50.01,-60.53,-15,8,0.00
-89.0,8,6,1,-48.56,-59.52,-16,11,0.00
-89.0,8,7,1,-47.13,-58.42,-18,12,0.00
-89.0,8,8,1,-45.71,-57.29,-20,15,0.00
-89.0,8,9,1,-44.26,-56.10,-24,18,0.00
-89.0,8,10,1,-42.81,-54.82,-26,21,0.00
-89.0,8,11,1,-41.48,-53.67,-30,25,0.00
-89.0,8,12,1,-40.23,-52.56,-34,28,0.00
-89.0,8,13,1,-40.24,-52.55,-35,29,0.00
-89.0,8,14,1,-40.24,-52.57,-37,29,0.00
-89.0,8,15,1,-40.23,-52.58,-34,29,0.00
-89.0,9,0,1,-56.04,-63.46,-10,5,0.00
-89.0,9,1,1,-54.74,-63.03,-11,6,0.00
-89.0,9,2,1,-52.89,-62.15,-12,7,0.00
-89.0,9,3,1,-51.23,-61.26,-13,8,0.00
-89.0,9,4,1,-49.83,-60.35,-14,9,0.00
-89.0,9,5,1,-48.46,-59.42,-17,11,0.00
-89.0,9,6,1,-47.02,-58.28,-19,13,0.00
-89.0,9,7,1,-45.58,-57.14,-22,15,0.00
-89.0,9,8,1,-44.15,-55.92,-24,18,0.00
-89.0,9,9,1,-42.71,-54.64,-28,23,0.00
-89.0,9,10,1,-41.26,-53.37,-32,26,0.00
-89.0,9,11,1,-39.94,-52.20,-35,30,0.00
-89.0,9,12,1,-38.68,-51.05,-41,36,0.00
-89.0,9,13,1,-38.68,-51.05,-41,35,0.00
-89.0,9,14,1,-38.69,-51.01,-44,33,0.00
-89.0,9,15,1,-38.69,-51.05,-45,38,0.00
-89.0,10,0,1,-55.47,-63.21,-10,5,0.00
-89.0,10,1,1,-54.16,-62.77,-11,5,0.00
-89.0,10,2,1,-52.28,-61.82,-12,6,0.00
-89.0,10,3,1,-50.66,-60.89,-14,9,0.00
-89.0,10,4,1,-49.27,-59.96,-15,11,0.00
-89.0,10,5,1,-47.87,-58.93,-17,11,0.00
-89.0,10,6,1,-46.40,-57.80,-19,14,0.00
-89.0,10,7,1,-44.97,-56.60,-22,17,0.00
-89.0,10,8,1,-43.55,-55.41,-26,20,0.00
-89.0,10,9,1,-42.12,-54.11,-30,24,0.00
-89.0,10,10,1,-40.66,-52.78,-38,28,0.00
-89.0,10,11,1,-39.32,-51.59,-40,32,0.00
-89.0,10,12,1,-38.08,-50.45,-44,38,0.00
-89.0,10,13,1,-38.10,-50.46,-44,40,0.00
-89.0,10,14,1,-38.09,-50.43,-46,36,0.00
-89.0,10,15,1,-38.08,-50.45,-43,39,0.00
-89.0,11,0,1,-54.88,-62.96,-11,5,0.00
-89.0,11,1,1,-53.56,-62.44,-11,6,0.00
-89.0,11,2,1,-51.68,-61.47,-13,7,0.00
-89.0,11,3,1,-50.03,-60.45,-14,10,0.00
-89.0,11,4,1,-48.64,-59.50,-16,11,0.00
-89.0,11,5,1,-47.23,-58.47,-18,12,0.00
-89.0,11,6,1,-45.78,-57.28,-19,14,0.00
-89.0,11,7,1,-44.35,-56.04,-23,19,0.00
-89.0,11,8,1,-42.95,-54.83,-28,22,0.00
-89.0,11,9,1,-41.52,-53.56,-31,26,0.00
-89.0,11,10,1,-40.06,-52.22,-38,30,0.00
-89.0,11,11,1,-38.75,-50.97,-42,35,0.00
-89.0,11,12,1,-37.50,-49.85,-44,40,0.00
-89.0,11,13,1,-37.49,-49.84,-45,42,0.00
-89.0,11,14,1,-37.49,-49.86,-45,41,0.00
-89.0,11,15,1,-37.50,-49.84,-46,41,0.00
-89.0,12,0,1,-54.12,-62.57,-12,6,0.00
-89.0,12,1,1,-52.78,-62.02,-12,7,0.00
-89.0,12,2,1,-50.92,-60.97,-14,8,0.00
-89.0,12,3,1,-49.27,-59.90,-16,10,0.00
-89.0,12,4,1,-47.84,-58.85,-17,11,0.00
-89.0,12,5,1,-46.46,-57.80,-20,14,0.00
-89.0,12,6,1,-45.04,-56.61,-23,17,0.00
-89.0,12,7,1,-43.61,-55.33,-26,19,0.00
-89.0,12,8,1,-42.16,-54.11,-30,24,0.00
-89.0,12,9,1,-40.74,-52.82,-33,31,0.00
-89.0,12,10,1,-39.28,-51.47,-40,31,0.00
-89.0,12,11,1,-37.94,-50.23,-48,37,0.00
-89.0,12,12,1,-36.69,-49.08,-51,44,0.00
-89.0,12,13,1,-36.69,-49.08,-50,48,0.00
-89.0,12,14,1,-36.71,-49.08,-49,46,0.00
-89.0,12,15,1,-36.72,-49.05,-53,42,0.00
-89.0,13,0,1,-54.05,-62.55,-11,6,0.00
-89.0,13,1,1,-52.73,-61.99,-12,6,0.00
-89.0,13,2,1,-50.87,-60.91,-13,9,0.00
-89.0,13,3,1,-49.22,-59.84,-15,10,0.00
-89.0,13,4,1,-47.81,-58.80,-17,12,0.00
-89.0,13,5,1,-46.43,-57.75,-21,13,0.00
-89.0,13,6,1,-44.99,-56.54,-23,16,0.00
-89.0,13,7,1,-43.55,-55.29,-26,20,0.00
-89.0,13,8,1,-42.14,-54.04,-29,24,0.00
-89.0,13,9,1,-40.69,-52.71,-34,27,0.00
-89.0,13,10,1,-39.22,-51.42,-41,33,0.00
-89.0,13,11,1,-37.91,-50.18,-46,39,0.00
-89.0,13,12,1,-36.65,-49.02,-50,46,0.00
-89.0,13,13,1,-36.65,-48.99,-52,43,0.00
-89.0,13,14,1,-36.65,-48.98,-51,44,0.00
-89.0,13,15,1,-36.65,-48.98,-50,45,0.00
-92.0,14,0,1,-55.59,-61.82,-11,7,0.00
-92.0,14,1,1,-54.28,-61.16,-12,6,0.00
-92.0,14,2,1,-52.42,-60.00,-13,8,0.00
-92.0,14,3,1,-50.77,-58.82,-16,9,0.00
-92.0,14,4,1,-49.37,-57.73,-18,11,0.00
-92.0,14,5,1,-47.99,-56.58,-20,14,0.00
-92.0,14,6,1,-46.57,-55.36,-22,16,0.00
-92.0,14,7,1,-45.10,-54.09,-26,21,0.00
-92.0,14,8,1,-43.70,-52.79,-29,25,0.00
-92.0,14,9,1,-42.25,-51.45,-35,29,0.00
-92.0,14,10,1,-40.80,-50.09,-39,34,0.00
-92.0,14,11,1,-39.47,-48.85,-49,40,0.00
-92.0,14,12,1,-38.21,-47.70,-51,45,0.00
-92.0,14,13,1,-38.21,-47.70,-51,45,0.00
-92.0,14,14,1,-38.20,-47.71,-49,44,0.00
-92.0,14,15,1,-38.22,-47.70,-52,48,0.00
-92.0,15,0,1,-55.00,-61.48,-11,6,0.00
-92.0,15,1,1,-53.68,-60.81,-13,6,0.00
-92.0,15,2,1,-51.83,-59.56,-14,8,0.00
-92.0,15,3,1,-50.16,-58.32,-16,10,0.00
-92.0,15,4,1,-48.77,-57.23,-19,12,0.00
-92.0,15,5,1,-47.40,-56.04,-20,14,0.00
-92.0,15,6,1,-45.96,-54.78,-26,19,0.00
-92.0,15,7,1,-44.51,-53.50,-26,20,0.00
-92.0,15,8,1,-43.11,-52.21,-32,27,0.00
-92.0,15,9,1,-41.66,-50.86,-35,31,0.00
-92.0,15,10,1,-40.19,-49.52,-40,37,0.00
-92.0,15,11,1,-38.88,-48.30,-50,42,0.00
-92.0,15,12,1,-37.63,-47.14,-60,50,0.00
-92.0,15,13,1,-37.60,-47.10,-54,51,0.00
-92.0,15,14,1,-37.60,-47.13,-54,48,0.00
-92.0,15,15,1,-37.60,-47.13,-59,54,0.00
dBm,LNA,MIX,VGA,signal,noise,adc_min,adc_max,above_threshold
-68.0,0,0,2,-56.51,-65.36,-9,4,0.00
-68.0,0,1,2,-55.19,-65.35,-10,5,0.00
-68.0,0,2,2,-53.34,-65.32,-10,6,0.00
-68.0,0,3,2,-51.66,-65.30,-11,7,0.00
-68.0,0,4,2,-50.27,-65.28,-12,8,0.00
-68.0,0,5,2,-48.91,-65.24,-13,8,0.00
-68.0,0,6,2,-47.47,-65.17,-14,9,0.00
-68.0,0,7,2,-46.03,-65.13,-15,10,0.00
-68.0,0,8,2,-44.62,-65.02,-16,11,0.00
-68.0,0,9,2,-43.18,-64.89,-18,14,0.00
-68.0,0,10,2,-41.71,-64.72,-21,15,0.00
-68.0,0,11,2,-40.40,-64.59,-23,17,0.00
-68.0,0,12,2,-39.14,-64.37,-25,21,0.00
-68.0,0,13,2,-39.14,-64.33,-25,20,0.00
-68.0,0,14,2,-39.14,-64.36,-25,20,0.00
-68.0,0,15,2,-39.14,-64.34,-25,20,0.00
-74.0,1,0,2,-59.24,-65.37,-9,4,0.00
-74.0,1,1,2,-57.94,-65.34,-9,5,0.00
-74.0,1,2,2,-56.06,-65.31,-9,4,0.00
-74.0,1,3,2,-54.39,-65.24,-10,5,0.00
-74.0,1,4,2,-52.99,-65.19,-10,5,0.00
-74.0,1,5,2,-51.63,-65.12,-11,6,0.00
-74.0,1,6,2,-50.18,-65.04,-12,7,0.00
-74.0,1,7,2,-48.75,-64.93,-13,9,0.00
-74.0,1,8,2,-47.34,-64.77,-14,9,0.00
-74.0,1,9,2,-45.90,-64.58,-15,11,0.00
-74.0,1,10,2,-44.43,-64.31,-17,13,0.00
-74.0,1,11,2,-43.11,-64.03,-18,15,0.00
-74.0,1,12,2,-41.85,-63.67,-21,15,0.00
-74.0,1,13,2,-41.85,-63.68,-20,15,0.00
-74.0,1,14,2,-41.85,-63.71,-22,15,0.00
-74.0,1,15,2,-41.86,-63.67,-21,15,0.00
-77.0,2,0,2,-58.29,-65.29,-9,4,0.00
-77.0,2,1,2,-56.96,-65.24,-9,4,0.00
-77.0,2,2,2,-55.12,-65.17,-10,5,0.00
-77.0,2,3,2,-53.45,-65.09,-11,6,0.00
-77.0,2,4,2,-52.06,-65.00,-11,6,0.00
-77.0,2,5,2,-50.70,-64.85,-11,7,0.00
-77.0,2,6,2,-49.23,-64.70,-12,8,0.00
-77.0,2,7,2,-47.80,-64.45,-14,9,0.00
-77.0,2,8,2,-46.40,-64.13,-15,10,0.00
-77.0,2,9,2,-44.95,-63.77,-16,11,0.00
-77.0,2,10,2,-43.49,-63.31,-19,14,0.00
-77.0,2,11,2,-42.17,-62.81,-20,17,0.00
-77.0,2,12,2,-40.91,-62.22,-23,17,0.00
-77.0,2,13,2,-40.91,-62.21,-23,18,0.00
-77.0,2,14,2,-40.92,-62.22,-23,18,0.00
-77.0,2,15,2,-40.91,-62.21,-23,18,0.00
-80.0,3,0,2,-58.29,-65.15,-9,5,0.00
-80.0,3,1,2,-56.96,-65.13,-9,5,0.00
-80.0,3,2,2,-55.10,-65.00,-10,6,0.00
-80.0,3,3,2,-53.44,-64.82,-11,6,0.00
-80.0,3,4,2,-52.04,-64.66,-11,6,0.00
-80.0,3,5,2,-50.67,-64.43,-12,6,0.00
-80.0,3,6,2,-49.23,-64.14,-13,8,0.00
-80.0,3,7,2,-47.79,-63.72,-14,9,0.00
-80.0,3,8,2,-46.38,-63.24,-16,10,0.00
-80.0,3,9,2,-44.94,-62.65,-17,11,0.00
-80.0,3,10,2,-43.47,-61.95,-19,14,0.00
-80.0,3,11,2,-42.15,-61.23,-21,17,0.00
-80.0,3,12,2,-40.89,-60.45,-24,18,0.00
-80.0,3,13,2,-40.89,-60.46,-24,18,0.00
-80.0,3,14,2,-40.89,-60.45,-24,18,0.00
-80.0,3,15,2,-40.90,-60.48,-25,20,0.00
-80.0,4,0,2,-56.46,-65.04,-10,4,0.00
-80.0,4,1,2,-55.13,-64.98,-10,4,0.00
-80.0,4,2,2,-53.25,-64.83,-11,5,0.00
-80.0,4,3,2,-51.61,-64.55,-11,6,0.00
-80.0,4,4,2,-50.20,-64.34,-12,7,0.00
-80.0,4,5,2,-48.84,-64.04,-13,9,0.00
-80.0,4,6,2,-47.40,-63.60,-15,11,0.00
-80.0,4,7,2,-45.95,-63.07,-16,10,0.00
-80.0,4,8,2,-44.53,-62.45,-18,12,0.00
-80.0,4,9,2,-43.10,-61.76,-20,15,0.00
-80.0,4,10,2,-41.64,-60.86,-22,17,0.00
-80.0,4,11,2,-40.32,-60.05,-27,19,0.00
-80.0,4,12,2,-39.06,-59.20,-29,22,0.00
-80.0,4,13,2,-39.06,-59.18,-29,22,0.00
-80.0,4,14,2,-39.07,-59.20,-28,22,0.00
-80.0,4,15,2,-39.07,-59.18,-28,23,0.00
-83.0,5,0,2,-57.97,-64.98,-9,4,0.00
-83.0,5,1,2,-56.65,-64.80,-9,5,0.00
-83.0,5,2,2,-54.79,-64.58,-10,5,0.00
-83.0,5,3,2,-53.13,-64.25,-11,6,0.00
-83.0,5,4,2,-51.74,-63.95,-12,7,0.00
-83.0,5,5,2,-50.36,-63.49,-13,7,0.00
-83.0,5,6,2,-48.91,-62.97,-14,9,0.00
-83.0,5,7,2,-47.48,-62.29,-15,11,0.00
-83.0,5,8,2,-46.07,-61.58,-17,11,0.00
-83.0,5,9,2,-44.62,-60.67,-19,13,0.00
-83.0,5,10,2,-43.16,-59.74,-21,15,0.00
-83.0,5,11,2,-41.84,-58.78,-24,18,0.00
-83.0,5,12,2,-40.58,-57.85,-27,22,0.00
-83.0,5,13,2,-40.59,-57.84,-27,21,0.00
-83.0,5,14,2,-40.59,-57.86,-27,22,0.00
-83.0,5,15,2,-40.59,-57.85,-27,22,0.00
-86.0,6,0,2,-57.72,-64.56,-9,4,0.00
-86.0,6,1,2,-56.43,-64.32,-9,5,0.00
-86.0,6,2,2,-54.57,-63.92,-11,5,0.00
-86.0,6,3,2,-52.91,-63.40,-12,5,0.00
-86.0,6,4,2,-51.51,-62.83,-12,8,0.00
-86.0,6,5,2,-50.13,-62.19,-13,7,0.00
-86.0,6,6,2,-48.69,-61.45,-15,10,0.00
-86.0,6,7,2,-47.27,-60.56,-18,10,0.00
-86.0,6,8,2,-45.84,-59.60,-19,12,0.00
-86.0,6,9,2,-44.39,-58.53,-21,14,0.00
-86.0,6,10,2,-42.93,-57.39,-24,18,0.00
-86.0,6,11,2,-41.62,-56.30,-27,20,0.00
-86.0,6,12,2,-40.36,-55.28,-30,23,0.00
-86.0,6,13,2,-40.35,-55.25,-31,25,0.00
-86.0,6,14,2,-40.36,-55.28,-30,26,0.00
-86.0,6,15,2,-40.37,-55.29,-31,25,0.00
-89.0,7,0,2,-57.72,-63.82,-9,4,0.00
-89.0,7,1,2,-56.41,-63.49,-10,4,0.00
-89.0,7,2,2,-54.56,-62.81,-11,5,0.00
-89.0,7,3,2,-52.89,-62.04,-12,6,0.00
-89.0,7,4,2,-51.49,-61.28,-14,8,0.00
-89.0,7,5,2,-50.14,-60.44,-14,9,0.00
-89.0,7,6,2,-48.68,-59.45,-16,11,0.00
-89.0,7,7,2,-47.24,-58.38,-18,13,0.00
-89.0,7,8,2,-45.82,-57.24,-21,14,0.00
-89.0,7,9,2,-44.38,-56.04,-24,18,0.00
-89.0,7,10,2,-42.93,-54.75,-26,22,0.00
-89.0,7,11,2,-41.60,-53.61,-31,26,0.00
-89.0,7,12,2,-40.34,-52.50,-35,29,0.00
-89.0,7,13,2,-40.33,-52.50,-35,30,0.00
-89.0,7,14,2,-40.33,-52.54,-34,29,0.00
-89.0,7,15,2,-40.34,-52.50,-34,28,0.00
-89.0,8,0,2,-54.54,-62.63,-11,5,0.00
-89.0,8,1,2,-53.20,-62.10,-12,6,0.00
-89.0,8,2,2,-51.35,-61.11,-13,9,0.00
-89.0,8,3,2,-49.70,-60.07,-16,9,0.00
-89.0,8,4,2,-48.30,-59.09,-17,11,0.00
-89.0,8,5,2,-46.92,-58.00,-19,13,0.00
-89.0,8,6,2,-45.46,-56.81,-22,16,0.00
-89.0,8,7,2,-44.05,-55.66,-25,18,0.00
-89.0,8,8,2,-42.63,-54.35,-29,21,0.00
-89.0,8,9,2,-41.16,-53.08,-33,26,0.00
-89.0,8,10,2,-39.72,-51.76,-37,32,0.00
-89.0,8,11,2,-38.40,-50.57,-43,39,0.00
-89.0,8,12,2,-37.14,-49.36,-48,42,0.00
-89.0,8,13,2,-37.14,-49.38,-48,47,0.00
-89.0,8,14,2,-37.13,-49.38,-50,41,0.00
-89.0,8,15,2,-37.14,-49.41,-49,44,0.00
-89.0,9,0,2,-52.98,-61.79,-12,6,0.00
-89.0,9,1,2,-51.67,-61.20,-13,8,0.00
-89.0,9,2,2,-49.80,-60.04,-15,9,0.00
-89.0,9,3,2,-48.16,-58.86,-17,13,0.00
-89.0,9,4,2,-46.75,-57.82,-19,14,0.00
-89.0,9,5,2,-45.39,-56.68,-22,16,0.00
-89.0,9,6,2,-43.92,-55.47,-26,19,0.00
-89.0,9,7,2,-42.50,-54.19,-28,24,0.00
-89.0,9,8,2,-41.09,-52.94,-34,26,0.00
-89.0,9,9,2,-39.64,-51.57,-39,34,0.00
-89.0,9,10,2,-38.19,-50.23,-44,39,0.00
-89.0,9,11,2,-36.87,-49.02,-51,45,0.00
-89.0,9,12,2,-35.61,-47.90,-58,52,0.00
-89.0,9,13,2,-35.61,-47.87,-58,49,0.00
-89.0,9,14,2,-35.61,-47.85,-57,49,0.00
-89.0,9,15,2,-35.60,-47.89,-61,50,0.00
-92.0,10,0,2,-55.31,-61.44,-11,6,0.00
-92.0,10,1,2,-54.00,-60.81,-13,6,0.00
-92.0,10,2,2,-52.15,-59.59,-14,7,0.00
-92.0,10,3,2,-50.50,-58.43,-16,10,0.00
-92.0,10,4,2,-49.08,-57.33,-19,12,0.00
-92.0,10,5,2,-47.72,-56.18,-22,14,0.00
-92.0,10,6,2,-46.27,-54.93,-23,18,0.00
-92.0,10,7,2,-44.83,-53.63,-27,22,0.00
-92.0,10,8,2,-43.41,-52.38,-30,23,0.00
-92.0,10,9,2,-41.96,-51.05,-36,28,0.00
-92.0,10,10,2,-40.51,-49.65,-40,35,0.00
-92.0,10,11,2,-39.19,-48.46,-48,39,0.00
-92.0,10,12,2,-37.93,-47.28,-55,47,0.00
-92.0,10,13,2,-37.94,-47.24,-53,46,0.00
-92.0,10,14,2,-37.93,-47.25,-51,50,0.00
-92.0,10,15,2,-37.94,-47.28,-53,47,0.00
-92.0,11,0,2,-54.73,-61.10,-12,6,0.00
-92.0,11,1,2,-53.40,-60.42,-13,6,0.00
-92.0,11,2,2,-51.56,-59.19,-15,9,0.00
-92.0,11,3,2,-49.90,-57.96,-16,11,0.00
-92.0,11,4,2,-48.51,-56.79,-19,12,0.00
-92.0,11,5,2,-47.13,-55.67,-22,15,0.00
-92.0,11,6,2,-45.68,-54.34,-25,18,0.00
-92.0,11,7,2,-44.24,-53.09,-28,23,0.00
-92.0,11,8,2,-42.82,-51.81,-33,25,0.00
-92.0,11,9,2,-41.36,-50.45,-37,30,0.00
-92.0,11,10,2,-39.91,-49.07,-41,37,0.00
-92.0,11,11,2,-38.59,-47.82,-51,44,0.00
-92.0,11,12,2,-37.34,-46.67,-55,52,0.00
-92.0,11,13,2,-37.35,-46.68,-60,53,0.00
-92.0,11,14,2,-37.35,-46.68,-64,51,0.00
-92.0,11,15,2,-37.33,-46.68,-62,50,0.00
-92.0,12,0,2,-53.93,-60.55,-13,8,0.00
-92.0,12,1,2,-52.62,-59.86,-13,8,0.00
-92.0,12,2,2,-50.76,-58.52,-15,10,0.00
-92.0,12,3,2,-49.12,-57.24,-19,12,0.00
-92.0,12,4,2,-47.70,-56.10,-20,13,0.00
-92.0,12,5,2,-46.36,-54.93,-22,16,0.00
-92.0,12,6,2,-44.89,-53.65,-29,21,0.00
-92.0,12,7,2,-43.45,-52.34,-31,27,0.00
-92.0,12,8,2,-42.04,-51.04,-34,30,0.00
-92.0,12,9,2,-40.60,-49.66,-40,34,0.00
-92.0,12,10,2,-39.13,-48.34,-48,41,0.00
-92.0,12,11,2,-37.82,-47.08,-53,53,0.00
-92.0,12,12,2,-36.56,-45.91,-62,63,0.00
-92.0,12,13,2,-36.55,-45.93,-64,54,0.00
-92.0,12,14,2,-36.56,-45.89,-65,55,0.00
-92.0,12,15,2,-36.56,-45.91,-60,55,0.00
-92.0,13,0,2,-53.88,-60.53,-13,6,0.00
-92.0,13,1,2,-52.55,-59.77,-15,9,0.00
-92.0,13,2,2,-50.71,-58.49,-16,9,0.00
-92.0,13,3,2,-49.05,-57.25,-17,12,0.00
-92.0,13,4,2,-47.64,-56.09,-22,14,0.00
-92.0,13,5,2,-46.28,-54.86,-23,17,0.00
-92.0,13,6,2,-44.84,-53.56,-29,20,0.00
-92.0,13,7,2,-43.40,-52.27,-30,25,0.00
-92.0,13,8,2,-41.98,-50.98,-35,30,0.00
-92.0,13,9,2,-40.54,-49.60,-42,35,0.00
-92.0,13,10,2,-39.10,-48.23,-46,39,0.00
-92.0,13,11,2,-37.78,-46.99,-56,53,0.00
-92.0,13,12,2,-36.50,-45.84,-65,58,0.00
-92.0,13,13,2,-36.53,-45.84,-61,60,0.00
-92.0,13,14,2,-36.51,-45.81,-63,53,0.00
-92.0,13,15,2,-36.51,-45.82,-70,63,0.00
-92.0,14,0,2,-52.61,-59.63,-14,8,0.00
-92.0,14,1,2,-51.27,-58.82,-15,10,0.00
-92.0,14,2,2,-49.43,-57.41,-17,11,0.00
-92.0,14,3,2,-47.77,-56.10,-21,14,0.00
-92.0,14,4,2,-46.37,-54.88,-23,18,0.00
-92.0,14,5,2,-44.97,-53.66,-26,19,0.00
-92.0,14,6,2,-43.57,-52.34,-33,26,0.00
-92.0,14,7,2,-42.11,-51.02,-36,30,0.00
-92.0,14,8,2,-40.69,-49.70,-39,35,0.00
-92.0,14,9,2,-39.26,-48.34,-47,44,0.00
-92.0,14,10,2,-37.79,-46.95,-54,52,0.00
-92.0,14,11,2,-36.47,-45.72,-61,61,0.00
-92.0,14,12,2,-35.22,-44.53,-70,69,0.00
-92.0,14,13,2,-35.23,-44.53,-75,65,0.00
-92.0,14,14,2,-35.23,-44.53,-73,69,0.00
-92.0,14,15,2,-35.23,-44.54,-71,67,0.00
-92.0,15,0,2,-52.04,-59.17,-15,8,0.00
-92.0,15,1,2,-50.72,-58.36,-15,11,0.00
-92.0,15,2,2,-48.85,-56.93,-20,13,0.00
-92.0,15,3,2,-47.17,-55.56,-22,17,0.00
-92.0,15,4,2,-45.78,-54.36,-25,20,0.00
-92.0,15,5,2,-44.41,-53.14,-29,23,0.00
-92.0,15,6,2,-42.95,-51.77,-34,29,0.00
-92.0,15,7,2,-41.53,-50.44,-37,29,0.00
-92.0,15,8,2,-40.11,-49.09,-44,39,0.00
-92.0,15,9,2,-38.66,-47.73,-50,42,0.00
-92.0,15,10,2,-37.21,-46.36,-56,52,0.00
-92.0,15,11,2,-35.89,-45.14,-68,64,0.00
-92.0,15,12,2,-34.64,-43.96,-75,72,0.00
-92.0,15,13,2,-34.64,-43.96,-74,75,0.00
-92.0,15,14,2,-34.65,-43.97,-73,71,0.00
-92.0,15,15,2,-34.65,-43.97,-84,70,0.00
dBm,LNA,MIX,VGA,signal,noise,adc_min,adc_max,above_threshold
-71.0,0,0,3,-56.27,-64.58,-11,5,0.00
-71.0,0,1,3,-54.95,-64.56,-11,6,0.00
-71.0,0,2,3,-53.10,-64.50,-13,6,0.00
-71.0,0,3,3,-51.44,-64.49,-13,6,0.00
-71.0,0,4,3,-50.04,-64.45,-13,7,0.00
-71.0,0,5,3,-48.67,-64.40,-14,9,0.00
-71.0,0,6,3,-47.24,-64.28,-15,11,0.00
-71.0,0,7,3,-45.79,-64.20,-17,11,0.00
-71.0,0,8,3,-44.39,-64.03,-19,12,0.00
-71.0,0,9,3,-42.94,-63.85,-20,15,0.00
-71.0,0,10,3,-41.48,-63.58,-22,17,0.00
-71.0,0,11,3,-40.16,-63.31,-25,19,0.00
-71.0,0,12,3,-38.90,-62.93,-28,22,0.00
-71.0,0,13,3,-38.90,-62.98,-28,21,0.00
-71.0,0,14,3,-38.90,-62.93,-28,22,0.00
-71.0,0,15,3,-38.90,-62.95,-28,21,0.00
-74.0,1,0,3,-56.04,-64.52,-11,5,0.00
-74.0,1,1,3,-54.72,-64.50,-11,6,0.00
-74.0,1,2,3,-52.87,-64.47,-12,7,0.00
-74.0,1,3,3,-51.22,-64.38,-13,7,0.00
-74.0,1,4,3,-49.82,-64.33,-14,9,0.00
-74.0,1,5,3,-48.44,-64.19,-14,9,0.00
-74.0,1,6,3,-47.01,-64.04,-16,10,0.00
-74.0,1,7,3,-45.57,-63.92,-17,11,0.00
-74.0,1,8,3,-44.15,-63.65,-19,14,0.00
-74.0,1,9,3,-42.71,-63.31,-21,14,0.00
-74.0,1,10,3,-41.25,-62.90,-23,18,0.00
-74.0,1,11,3,-39.93,-62.49,-26,20,0.00
-74.0,1,12,3,-38.67,-61.95,-28,23,0.00
-74.0,1,13,3,-38.66,-61.93,-28,23,0.00
-74.0,1,14,3,-38.66,-61.96,-29,23,0.00
-74.0,1,15,3,-38.66,-61.96,-28,23,0.00
-80.0,2,0,3,-58.15,-64.48,-10,6,0.00
-80.0,2,1,3,-56.83,-64.40,-11,7,0.00
-80.0,2,2,3,-54.96,-64.27,-11,6,0.00
-80.0,2,3,3,-53.32,-64.15,-12,6,0.00
-80.0,2,4,3,-51.92,-64.01,-12,7,0.00
-80.0,2,5,3,-50.54,-63.77,-13,8,0.00
-80.0,2,6,3,-49.10,-63.46,-14,8,0.00
-80.0,2,7,3,-47.64,-63.17,-15,9,0.00
-80.0,2,8,3,-46.24,-62.66,-17,11,0.00
-80.0,2,9,3,-44.80,-62.12,-19,12,0.00
-80.0,2,10,3,-43.34,-61.41,-22,15,0.00
-80.0,2,11,3,-42.02,-60.75,-22,17,0.00
-80.0,2,12,3,-40.76,-59.99,-26,20,0.00
-80.0,2,13,3,-40.76,-59.98,-25,19,0.00
-80.0,2,14,3,-40.77,-60.01,-26,20,0.00
-80.0,2,15,3,-40.77,-59.99,-25,19,0.00
-80.0,3,0,3,-55.06,-64.26,-11,5,0.00
-80.0,3,1,3,-53.73,-64.15,-12,6,0.00
-80.0,3,2,3,-51.87,-63.91,-13,7,0.00
-80.0,3,3,3,-50.23,-63.68,-13,9,0.00
-80.0,3,4,3,-48.84,-63.48,-15,9,0.00
-80.0,3,5,3,-47.46,-63.03,-16,11,0.00
-80.0,3,6,3,-46.01,-62.59,-18,11,0.00
-80.0,3,7,3,-44.57,-62.00,-19,13,0.00
-80.0,3,8,3,-43.16,-61.38,-21,15,0.00
-80.0,3,9,3,-41.72,-60.56,-23,17,0.00
-80.0,3,10,3,-40.25,-59.68,-27,21,0.00
-80.0,3,11,3,-38.93,-58.77,-29,23,0.00
-80.0,3,12,3,-37.67,-57.84,-35,27,0.00
-80.0,3,13,3,-37.67,-57.84,-34,28,0.00
-80.0,3,14,3,-37.66,-57.84,-34,28,0.00
-80.0,3,15,3,-37.67,-57.85,-33,28,0.00
-83.0,4,0,3,-56.47,-64.08,-11,6,0.00
-83.0,4,1,3,-55.16,-63.92,-11,6,0.00
-83.0,4,2,3,-53.29,-63.65,-12,7,0.00
-83.0,4,3,3,-51.64,-63.30,-12,6,0.00
-83.0,4,4,3,-50.23,-62.89,-14,8,0.00
-83.0,4,5,3,-48.85,-62.41,-14,9,0.00
-83.0,4,6,3,-47.42,-61.85,-16,10,0.00
-83.0,4,7,3,-45.99,-61.14,-18,12,0.00
-83.0,4,8,3,-44.57,-60.37,-21,14,0.00
-83.0,4,9,3,-43.12,-59.40,-22,16,0.00
-83.0,4,10,3,-41.67,-58.35,-24,19,0.00
-83.0,4,11,3,-40.34,-57.36,-29,22,0.00
-83.0,4,12,3,-39.08,-56.39,-31,26,0.00
-83.0,4,13,3,-39.08,-56.38,-30,28,0.00
-83.0,4,14,3,-39.07,-56.38,-31,27,0.00
-83.0,4,15,3,-39.07,-56.37,-31,26,0.00
-86.0,5,0,3,-57.52,-63.85,-11,5,0.00
-86.0,5,1,3,-56.20,-63.67,-11,6,0.00
-86.0,5,2,3,-54.34,-63.27,-12,6,0.00
-86.0,5,3,3,-52.69,-62.77,-12,8,0.00
-86.0,5,4,3,-51.28,-62.26,-14,8,0.00
-86.0,5,5,3,-49.90,-61.68,-15,8,0.00
-86.0,5,6,3,-48.45,-60.94,-16,10,0.00
-86.0,5,7,3,-47.02,-60.09,-17,14,0.00
-86.0,5,8,3,-45.62,-59.16,-21,13,0.00
-86.0,5,9,3,-44.17,-58.14,-24,17,0.00
-86.0,5,10,3,-42.71,-57.00,-25,20,0.00
-86.0,5,11,3,-41.40,-55.95,-28,22,0.00
-86.0,5,12,3,-40.13,-54.90,-32,25,0.00
-86.0,5,13,3,-40.14,-54.92,-31,26,0.00
-86.0,5,14,3,-40.14,-54.94,-31,25,0.00
-86.0,5,15,3,-40.14,-54.91,-31,25,0.00
-86.0,6,0,3,-54.50,-63.23,-12,8,0.00
-86.0,6,1,3,-53.17,-62.88,-12,7,0.00
-86.0,6,2,3,-51.33,-62.25,-13,8,0.00
-86.0,6,3,3,-49.67,-61.53,-16,9,0.00
-86.0,6,4,3,-48.26,-60.73,-16,10,0.00
-86.0,6,5,3,-46.89,-59.96,-18,12,0.00
-86.0,6,6,3,-45.45,-59.00,-20,13,0.00
-86.0,6,7,3,-44.02,-57.91,-22,18,0.00
-86.0,6,8,3,-42.57,-56.82,-26,20,0.00
-86.0,6,9,3,-41.14,-55.66,-28,24,0.00
-86.0,6,10,3,-39.69,-54.38,-33,26,0.00
-86.0,6,11,3,-38.35,-53.22,-37,31,0.00
-86.0,6,12,3,-37.10,-52.06,-46,36,0.00
-86.0,6,13,3,-37.11,-52.11,-44,38,0.00
-86.0,6,14,3,-37.11,-52.13,-42,36,0.00
-86.0,6,15,3,-37.11,-52.09,-43,37,0.00
-89.0,7,0,3,-54.47,-62.14,-13,6,0.00
-89.0,7,1,3,-53.15,-61.68,-14,7,0.00
-89.0,7,2,3,-51.29,-60.74,-16,8,0.00
-89.0,7,3,3,-49.66,-59.75,-16,11,0.00
-89.0,7,4,3,-48.25,-58.80,-18,12,0.00
-89.0,7,5,3,-46.87,-57.79,-19,13,0.00
-89.0,7,6,3,-45.44,-56.63,-22,17,0.00
-89.0,7,7,3,-43.99,-55.45,-24,19,0.00
-89.0,7,8,3,-42.58,-54.23,-29,22,0.00
-89.0,7,9,3,-41.14,-52.92,-32,27,0.00
-89.0,7,10,3,-39.67,-51.66,-37,31,0.00
-89.0,7,11,3,-38.35,-50.38,-43,37,0.00
-89.0,7,12,3,-37.09,-49.26,-47,43,0.00
-89.0,7,13,3,-37.10,-49.22,-48,43,0.00
-89.0,7,14,3,-37.08,-49.26,-51,44,0.00
-89.0,7,15,3,-37.09,-49.24,-51,47,0.00
-92.0,8,0,3,-54.21,-60.48,-14,8,0.00
-92.0,8,1,3,-52.90,-59.77,-14,9,0.00
-92.0,8,2,3,-51.01,-58.58,-16,10,0.00
-92.0,8,3,3,-49.38,-57.32,-18,14,0.00
-92.0,8,4,3,-47.98,-56.18,-19,15,0.00
-92.0,8,5,3,-46.60,-55.04,-23,18,0.00
-92.0,8,6,3,-45.15,-53.75,-25,21,0.00
-92.0,8,7,3,-43.69,-52.49,-30,24,0.00
-92.0,8,8,3,-42.31,-51.21,-32,31,0.00
-92.0,8,9,3,-40.84,-49.85,-46,36,0.00
-92.0,8,10,3,-39.37,-48.51,-46,41,0.00
-92.0,8,11,3,-38.06,-47.29,-49,50,0.00
-92.0,8,12,3,-36.81,-46.09,-61,54,0.00
-92.0,8,13,3,-36.82,-46.07,-63,60,0.00
-92.0,8,14,3,-36.82,-46.10,-61,54,0.00
-92.0,8,15,3,-36.83,-46.09,-64,57,0.00
-92.0,9,0,3,-52.65,-59.40,-15,9,0.00
-92.0,9,1,3,-51.34,-58.65,-16,10,0.00
-92.0,9,2,3,-49.49,-57.33,-18,13,0.00
-92.0,9,3,3,-47.81,-56.01,-20,15,0.00
-92.0,9,4,3,-46.41,-54.86,-23,17,0.00
-92.0,9,5,3,-45.04,-53.63,-26,22,0.00
-92.0,9,6,3,-43.60,-52.31,-29,25,0.00
-92.0,9,7,3,-42.15,-51.02,-34,30,0.00
-92.0,9,8,3,-40.74,-49.66,-39,35,0.00
-92.0,9,9,3,-39.29,-48.34,-50,41,0.00
-92.0,9,10,3,-37.83,-46.95,-53,49,0.00
-92.0,9,11,3,-36.53,-45.74,-66,56,0.00
-92.0,9,12,3,-35.26,-44.54,-73,66,0.00
-92.0,9,13,3,-35.26,-44.53,-75,65,0.00
-92.0,9,14,3,-35.25,-44.54,-69,69,0.00
-92.0,9,15,3,-35.28,-44.55,-69,79,0.00
-92.0,10,0,3,-52.04,-58.99,-15,9,0.00
-92.0,10,1,3,-50.72,-58.19,-16,11,0.00
-92.0,10,2,3,-48.85,-56.81,-19,14,0.00
-92.0,10,3,3,-47.21,-55.46,-21,16,0.00
-92.0,10,4,3,-45.83,-54.30,-25,18,0.00
-92.0,10,5,3,-44.44,-53.04,-26,25,0.00
-92.0,10,6,3,-43.01,-51.75,-30,28,0.00
-92.0,10,7,3,-41.54,-50.41,-39,35,0.00
-92.0,10,8,3,-40.12,-49.07,-42,39,0.00
-92.0,10,9,3,-38.68,-47.75,-50,44,0.00
-92.0,10,10,3,-37.23,-46.36,-56,55,0.00
-92.0,10,11,3,-35.91,-45.11,-67,65,0.00
-92.0,10,12,3,-34.67,-43.95,-77,68,0.00
-92.0,10,13,3,-34.67,-43.92,-78,70,0.00
-92.0,10,14,3,-34.67,-43.96,-80,71,0.00
-92.0,10,15,3,-34.68,-43.96,-77,74,0.00
-92.0,11,0,3,-51.47,-58.54,-16,10,0.00
-92.0,11,1,3,-50.16,-57.70,-17,14,0.00
-92.0,11,2,3,-48.32,-56.29,-19,14,0.00
-92.0,11,3,3,-46.64,-54.93,-25,18,0.00
-92.0,11,4,3,-45.21,-53.70,-25,21,0.00
-92.0,11,5,3,-43.84,-52.49,-30,24,0.00
-92.0,11,6,3,-42.38,-51.13,-34,29,0.00
-92.0,11,7,3,-40.95,-49.83,-40,33,0.00
-92.0,11,8,3,-39.54,-48.49,-47,42,0.00
-92.0,11,9,3,-38.08,-47.13,-54,51,0.00
-92.0,11,10,3,-36.64,-45.77,-61,59,0.00
-92.0,11,11,3,-35.33,-44.50,-69,69,0.00
-92.0,11,12,3,-34.09,-43.33,-80,79,0.00
-92.0,11,13,3,-34.08,-43.33,-79,80,0.00
-92.0,11,14,3,-34.10,-43.30,-82,80,0.00
-92.0,11,15,3,-34.09,-43.35,-79,76,0.00
-92.0,12,0,3,-50.69,-57.92,-16,12,0.00
-92.0,12,1,3,-49.39,-57.08,-18,12,0.00
-92.0,12,2,3,-47.53,-55.60,-21,16,0.00
-92.0,12,3,3,-45.85,-54.23,-25,20,0.00
-92.0,12,4,3,-44.46,-52.97,-28,25,0.00
-92.0,12,5,3,-43.09,-51.72,-31,27,0.00
-92.0,12,6,3,-41.65,-50.41,-36,34,0.00
-92.0,12,7,3,-40.18,-49.04,-48,37,0.00
-92.0,12,8,3,-38.78,-47.73,-49,44,0.00
-92.0,12,9,3,-37.35,-46.34,-56,54,0.00
-92.0,12,10,3,-35.87,-44.97,-71,63,0.00
-92.0,12,11,3,-34.58,-43.76,-77,74,0.00
-92.0,12,12,3,-33.34,-42.54,-92,86,0.00
-92.0,12,13,3,-33.30,-42.56,-88,91,0.00
-92.0,12,14,3,-33.32,-42.61,-93,85,0.00
-92.0,12,15,3,-33.31,-42.55,-91,86,0.00
-92.0,13,0,3,-50.65,-57.87,-17,13,0.00
-92.0,13,1,3,-49.32,-57.00,-19,12,0.00
-92.0,13,2,3,-47.44,-55.55,-20,15,0.00
-92.0,13,3,3,-45.81,-54.15,-24,20,0.00
-92.0,13,4,3,-44.39,-52.89,-29,25,0.00
-92.0,13,5,3,-43.02,-51.66,-32,26,0.00
-92.0,13,6,3,-41.58,-50.31,-37,32,0.00
-92.0,13,7,3,-40.12,-48.99,-43,37,0.00
-92.0,13,8,3,-38.70,-47.63,-48,46,0.00
-92.0,13,9,3,-37.27,-46.24,-60,54,0.00
-92.0,13,10,3,-35.82,-44.89,-65,65,0.00
-92.0,13,11,3,-34.49,-43.64,-76,77,0.00
-92.0,13,12,3,-33.24,-42.47,-94,91,0.00
-92.0,13,13,3,-33.24,-42.46,-88,81,0.00
-92.0,13,14,3,-33.24,-42.42,-86,81,0.00
-92.0,13,15,3,-33.26,-42.43,-90,84,0.00
-92.0,14,0,3,-49.30,-56.78,-20,13,0.00
-92.0,14,1,3,-47.99,-55.91,-21,15,0.00
-92.0,14,2,3,-46.14,-54.36,-23,19,0.00
-92.0,14,3,3,-44.48,-52.91,-30,23,0.00
-92.0,14,4,3,-43.08,-51.66,-32,29,0.00
-92.0,14,5,3,-41.70,-50.36,-36,31,0.00
-92.0,14,6,3,-40.27,-49.01,-45,37,0.00
-92.0,14,7,3,-38.81,-47.68,-50,45,0.00
-92.0,14,8,3,-37.41,-46.34,-62,57,0.00
-92.0,14,9,3,-35.97,-44.97,-70,61,0.00
-92.0,14,10,3,-34.51,-43.59,-82,75,0.00
-92.0,14,11,3,-33.20,-42.33,-98,96,0.00
-92.0,14,12,3,-31.95,-41.14,-101,105,0.00
-92.0,14,13,3,-31.94,-41.15,-99,98,0.00
-92.0,14,14,3,-31.94,-41.13,-112,101,0.00
-92.0,14,15,3,-31.94,-41.11,-107,102,0.00
-92.0,15,0,3,-48.73,-56.28,-20,14,0.00
-92.0,15,1,3,-47.42,-55.38,-21,17,0.00
-92.0,15,2,3,-45.57,-53.84,-25,21,0.00
-92.0,15,3,3,-43.91,-52.36,-29,24,0.00
-92.0,15,4,3,-42.51,-51.10,-33,29,0.00
-92.0,15,5,3,-41.14,-49.81,-38,34,0.00
-92.0,15,6,3,-39.68,-48.46,-43,41,0.00
-92.0,15,7,3,-38.25,-47.06,-53,51,0.00
-92.0,15,8,3,-36.85,-45.80,-63,55,0.00
-92.0,15,9,3,-35.40,-44.40,-77,71,0.00
-92.0,15,10,3,-33.94,-43.01,-84,79,0.00
-92.0,15,11,3,-32.62,-41.74,-97,93,0.00
-92.0,15,12,3,-31.38,-40.54,-116,102,0.00
-92.0,15,13,3,-31.37,-40.53,-107,105,0.00
-92.0,15,14,3,-31.38,-40.57,-109,106,0.00
-92.0,15,15,3,-31.37,-40.54,-110,108,0.00
dBm,LNA,MIX,VGA,signal,noise,adc_min,adc_max,above_threshold
-74.0,0,0,4,-55.82,-64.40,-9,6,0.00
-74.0,0,1,4,-54.52,-64.36,-9,6,0.00
-74.0,0,2,4,-52.65,-64.29,-10,8,0.00
-74.0,0,3,4,-50.99,-64.24,-10,8,0.00
-74.0,0,4,4,-49.60,-64.14,-11,8,0.00
-74.0,0,5,4,-48.23,-64.03,-12,9,0.00
-74.0,0,6,4,-46.80,-63.88,-14,11,0.00
-74.0,0,7,4,-45.36,-63.62,-15,12,0.00
-74.0,0,8,4,-43.93,-63.36,-17,14,0.00
-74.0,0,9,4,-42.50,-62.99,-19,16,0.00
-74.0,0,10,4,-41.04,-62.56,-22,18,0.00
-74.0,0,11,4,-39.72,-62.07,-24,21,0.00
-74.0,0,12,4,-38.46,-61.50,-27,23,0.00
-74.0,0,13,4,-38.47,-61.50,-27,24,0.00
-74.0,0,14,4,-38.47,-61.50,-28,23,0.00
-74.0,0,15,4,-38.46,-61.52,-28,24,0.00
-77.0,1,0,4,-55.58,-64.32,-9,7,0.00
-77.0,1,1,4,-54.28,-64.28,-9,7,0.00
-77.0,1,2,4,-52.40,-64.18,-10,7,0.00
-77.0,1,3,4,-50.74,-64.01,-11,8,0.00
-77.0,1,4,4,-49.35,-63.87,-12,9,0.00
-77.0,1,5,4,-47.98,-63.70,-13,10,0.00
-77.0,1,6,4,-46.52,-63.42,-14,11,0.00
-77.0,1,7,4,-45.09,-63.02,-16,13,0.00
-77.0,1,8,4,-43.68,-62.65,-18,14,0.00
-77.0,1,9,4,-42.23,-62.07,-19,17,0.00
-77.0,1,10,4,-40.77,-61.45,-22,20,0.00
-77.0,1,11,4,-39.46,-60.73,-27,22,0.00
-77.0,1,12,4,-38.20,-60.06,-28,25,0.00
-77.0,1,13,4,-38.20,-60.02,-29,24,0.00
-77.0,1,14,4,-38.19,-60.02,-29,25,0.00
-77.0,1,15,4,-38.19,-60.03,-30,25,0.00
-83.0,2,0,4,-57.99,-64.12,-8,4,0.00
-83.0,2,1,4,-56.66,-64.01,-9,5,0.00
-83.0,2,2,4,-54.80,-63.80,-10,6,0.00
-83.0,2,3,4,-53.13,-63.51,-10,7,0.00
-83.0,2,4,4,-51.75,-63.21,-11,7,0.00
-83.0,2,5,4,-50.36,-62.83,-12,10,0.00
-83.0,2,6,4,-48.92,-62.32,-13,10,0.00
-83.0,2,7,4,-47.49,-61.71,-15,12,0.00
-83.0,2,8,4,-46.08,-61.02,-16,12,0.00
-83.0,2,9,4,-44.64,-60.23,-18,14,0.00
-83.0,2,10,4,-43.17,-59.29,-21,19,0.00
-83.0,2,11,4,-41.85,-58.37,-23,20,0.00
-83.0,2,12,4,-40.59,-57.48,-28,22,0.00
-83.0,2,13,4,-40.59,-57.45,-26,22,0.00
-83.0,2,14,4,-40.59,-57.47,-26,23,0.00
-83.0,2,15,4,-40.59,-57.47,-26,22,0.00
-86.0,3,0,4,-57.67,-63.77,-9,5,0.00
-86.0,3,1,4,-56.32,-63.60,-9,6,0.00
-86.0,3,2,4,-54.48,-63.19,-10,6,0.00
-86.0,3,3,4,-52.84,-62.76,-10,7,0.00
-86.0,3,4,4,-51.42,-62.23,-12,8,0.00
-86.0,3,5,4,-50.06,-61.65,-13,9,0.00
-86.0,3,6,4,-48.62,-60.92,-14,11,0.00
-86.0,3,7,4,-47.17,-60.10,-17,12,0.00
-86.0,3,8,4,-45.76,-59.16,-18,15,0.00
-86.0,3,9,4,-44.32,-58.16,-21,17,0.00
-86.0,3,10,4,-42.86,-57.07,-23,20,0.00
-86.0,3,11,4,-41.54,-56.00,-27,24,0.00
-86.0,3,12,4,-40.28,-54.95,-30,26,0.00
-86.0,3,13,4,-40.28,-54.94,-30,26,0.00
-86.0,3,14,4,-40.29,-54.98,-29,26,0.00
-86.0,3,15,4,-40.28,-54.95,-31,26,0.00
-86.0,4,0,4,-55.83,-63.44,-9,5,0.00
-86.0,4,1,4,-54.49,-63.16,-10,6,0.00
-86.0,4,2,4,-52.63,-62.63,-11,7,0.00
-86.0,4,3,4,-50.98,-62.03,-13,8,0.00
-86.0,4,4,4,-49.58,-61.40,-13,9,0.00
-86.0,4,5,4,-48.21,-60.69,-14,10,0.00
-86.0,4,6,4,-46.76,-59.85,-16,13,0.00
-86.0,4,7,4,-45.32,-58.88,-19,14,0.00
-86.0,4,8,4,-43.91,-57.83,-21,17,0.00
-86.0,4,9,4,-42.47,-56.69,-24,20,0.00
-86.0,4,10,4,-41.00,-55.50,-28,23,0.00
-86.0,4,11,4,-39.69,-54.39,-33,28,0.00
-86.0,4,12,4,-38.42,-53.29,-37,34,0.00
-86.0,4,13,4,-38.42,-53.30,-36,32,0.00
-86.0,4,14,4,-38.42,-53.31,-37,35,0.00
-86.0,4,15,4,-38.42,-53.30,-37,32,0.00
-86.0,5,0,4,-54.10,-63.00,-10,7,0.00
-86.0,5,1,4,-52.77,-62.63,-11,8,0.00
-86.0,5,2,4,-50.91,-61.97,-12,9,0.00
-86.0,5,3,4,-49.26,-61.24,-14,9,0.00
-86.0,5,4,4,-47.85,-60.45,-15,11,0.00
-86.0,5,5,4,-46.48,-59.62,-17,13,0.00
-86.0,5,6,4,-45.02,-58.61,-19,15,0.00
-86.0,5,7,4,-43.59,-57.54,-21,18,0.00
-86.0,5,8,4,-42.18,-56.41,-26,21,0.00
-86.0,5,9,4,-40.74,-55.25,-29,24,0.00
-86.0,5,10,4,-39.27,-54.02,-34,29,0.00
-86.0,5,11,4,-37.94,-52.78,-37,36,0.00
-86.0,5,12,4,-36.68,-51.67,-45,42,0.00
-86.0,5,13,4,-36.69,-51.69,-43,41,0.00
-86.0,5,14,4,-36.69,-51.68,-43,40,0.00
-86.0,5,15,4,-36.71,-51.70,-42,40,0.00
-89.0,6,0,4,-54.04,-61.90,-11,8,0.00
-89.0,6,1,4,-52.72,-61.38,-11,8,0.00
-89.0,6,2,4,-50.87,-60.41,-13,9,0.00
-89.0,6,3,4,-49.20,-59.40,-16,11,0.00
-89.0,6,4,4,-47.82,-58.45,-18,13,0.00
-89.0,6,5,4,-46.43,-57.39,-21,15,0.00
-89.0,6,6,4,-45.00,-56.24,-22,18,0.00
-89.0,6,7,4,-43.56,-55.04,-24,23,0.00
-89.0,6,8,4,-42.15,-53.79,-30,26,0.00
-89.0,6,9,4,-40.70,-52.50,-34,28,0.00
-89.0,6,10,4,-39.25,-51.20,-36,35,0.00
-89.0,6,11,4,-37.93,-49.96,-50,42,0.00
-89.0,6,12,4,-36.67,-48.83,-51,49,0.00
-89.0,6,13,4,-36.66,-48.84,-55,46,0.00
-89.0,6,14,4,-36.67,-48.84,-53,48,0.00
-89.0,6,15,4,-36.67,-48.80,-52,45,0.00
-92.0,7,0,4,-53.99,-60.30,-12,9,0.00
-92.0,7,1,4,-52.66,-59.60,-14,9,0.00
-92.0,7,2,4,-50.80,-58.35,-15,10,0.00
-92.0,7,3,4,-49.15,-57.13,-18,14,0.00
-92.0,7,4,4,-47.76,-56.02,-20,16,0.00
-92.0,7,5,4,-46.37,-54.86,-22,17,0.00
-92.0,7,6,4,-44.92,-53.62,-26,22,0.00
-92.0,7,7,4,-43.51,-52.30,-29,25,0.00
-92.0,7,8,4,-42.07,-51.00,-34,32,0.00
-92.0,7,9,4,-40.62,-49.66,-41,38,0.00
-92.0,7,10,4,-39.18,-48.29,-46,42,0.00
-92.0,7,11,4,-37.86,-47.08,-53,54,0.00
-92.0,7,12,4,-36.61,-45.92,-62,60,0.00
-92.0,7,13,4,-36.60,-45.90,-66,67,0.00
-92.0,7,14,4,-36.62,-45.93,-63,53,0.00
-92.0,7,15,4,-36.61,-45.92,-63,58,0.00
-92.0,8,0,4,-50.81,-58.05,-16,11,0.00
-92.0,8,1,4,-49.47,-57.22,-17,12,0.00
-92.0,8,2,4,-47.61,-55.76,-21,15,0.00
-92.0,8,3,4,-45.97,-54.39,-24,19,0.00
-92.0,8,4,4,-44.57,-53.13,-27,23,0.00
-92.0,8,5,4,-43.19,-51.92,-30,27,0.00
-92.0,8,6,4,-41.73,-50.61,-36,32,0.00
-92.0,8,7,4,-40.31,-49.24,-42,38,0.00
-92.0,8,8,4,-38.90,-47.91,-49,42,0.00
-92.0,8,9,4,-37.45,-46.57,-60,55,0.00
-92.0,8,10,4,-35.99,-45.16,-67,66,0.00
-92.0,8,11,4,-34.67,-43.93,-80,72,0.00
-92.0,8,12,4,-33.44,-42.72,-91,84,0.00
-92.0,8,13,4,-33.43,-42.73,-90,84,0.00
-92.0,8,14,4,-33.43,-42.71,-91,81,0.00
-92.0,8,15,4,-33.42,-42.78,-92,85,0.00
-92.0,9,0,4,-49.27,-56.79,-17,14,0.00
-92.0,9,1,4,-47.95,-55.91,-20,15,0.00
-92.0,9,2,4,-46.10,-54.39,-23,19,0.00
-92.0,9,3,4,-44.43,-52.95,-29,23,0.00
-92.0,9,4,4,-43.04,-51.71,-34,26,0.00
-92.0,9,5,4,-41.68,-50.43,-37,31,0.00
-92.0,9,6,4,-40.23,-49.07,-47,38,0.00
-92.0,9,7,4,-38.78,-47.72,-51,47,0.00
-92.0,9,8,4,-37.37,-46.35,-56,57,0.00
-92.0,9,9,4,-35.93,-45.02,-65,61,0.00
-92.0,9,10,4,-34.47,-43.63,-87,70,0.00
-92.0,9,11,4,-33.16,-42.38,-92,85,0.00
-92.0,9,12,4,-31.90,-41.18,-104,97,0.00
-92.0,9,13,4,-31.90,-41.17,-115,103,0.00
-92.0,9,14,4,-31.89,-41.18,-104,99,0.00
-92.0,9,15,4,-31.90,-41.18,-104,100,0.00
-92.0,10,0,4,-48.67,-56.26,-18,14,0.00
-92.0,10,1,4,-47.35,-55.37,-20,17,0.00
-92.0,10,2,4,-45.49,-53.80,-27,24,0.00
-92.0,10,3,4,-43.84,-52.37,-29,25,0.00
-92.0,10,4,4,-42.43,-51.10,-33,30,0.00
-92.0,10,5,4,-41.03,-49.84,-39,34,0.00
-92.0,10,6,4,-39.60,-48.46,-47,41,0.00
-92.0,10,7,4,-38.15,-47.07,-51,53,0.00
-92.0,10,8,4,-36.74,-45.74,-61,57,0.00
-92.0,10,9,4,-35.30,-44.41,-78,68,0.00
-92.0,10,10,4,-33.87,-43.02,-82,81,0.00
-92.0,10,11,4,-32.56,-41.74,-94,90,0.00
-92.0,10,12,4,-31.29,-40.56,-107,104,0.00
-92.0,10,13,4,-31.30,-40.56,-119,107,0.00
-92.0,10,14,4,-31.30,-40.55,-121,105,0.00
-92.0,10,15,4,-31.30,-40.57,-110,107,0.00
-92.0,11,0,4,-48.10,-55.77,-20,17,0.00
-92.0,11,1,4,-46.78,-54.83,-21,18,0.00
-92.0,11,2,4,-44.91,-53.27,-29,21,0.00
-92.0,11,3,4,-43.26,-51.83,-31,27,0.00
-92.0,11,4,4,-41.84,-50.51,-41,32,0.00
-92.0,11,5,4,-40.48,-49.24,-40,36,0.00
-92.0,11,6,4,-39.02,-47.88,-51,45,0.00
-92.0,11,7,4,-37.57,-46.51,-56,53,0.00
-92.0,11,8,4,-36.16,-45.20,-74,59,0.00
-92.0,11,9,4,-34.70,-43.82,-71,81,0.00
-92.0,11,10,4,-33.27,-42.41,-92,87,0.00
-92.0,11,11,4,-31.94,-41.15,-107,100,0.00
-92.0,11,12,4,-30.70,-39.97,-121,117,0.00
-92.0,11,13,4,-30.70,-39.93,-120,122,0.00
-92.0,11,14,4,-30.71,-39.95,-115,114,0.00
-92.0,11,15,4,-30.69,-39.98,-116,111,0.00
-92.0,12,0,4,-47.29,-55.07,-22,18,0.00
-92.0,12,1,4,-45.99,-54.14,-25,19,0.00
-92.0,12,2,4,-44.12,-52.54,-29,24,0.00
-92.0,12,3,4,-42.44,-51.04,-32,30,0.00
-92.0,12,4,4,-41.05,-49.80,-41,34,0.00
-92.0,12,5,4,-39.67,-48.49,-43,38,0.00
-92.0,12,6,4,-38.22,-47.10,-52,46,0.00
-92.0,12,7,4,-36.79,-45.75,-61,63,0.00
-92.0,12,8,4,-35.38,-44.39,-73,69,0.00
-92.0,12,9,4,-33.93,-43.01,-91,80,0.00
-92.0,12,10,4,-32.48,-41.63,-97,91,0.00
-92.0,12,11,4,-31.18,-40.37,-113,107,0.00
-92.0,12,12,4,-29.91,-39.13,-130,139,0.00
-92.0,12,13,4,-29.92,-39.19,-125,136,0.00
-92.0,12,14,4,-29.92,-39.15,-132,141,0.00
-92.0,12,15,4,-29.93,-39.18,-134,132,0.00
-92.0,13,0,4,-47.22,-54.99,-21,17,0.00
-92.0,13,1,4,-45.92,-54.07,-25,20,0.00
-92.0,13,2,4,-44.06,-52.48,-30,25,0.00
-92.0,13,3,4,-42.40,-51.01,-36,29,0.00
-92.0,13,4,4,-41.00,-49.71,-43,34,0.00
-92.0,13,5,4,-39.63,-48.44,-53,41,0.00
-92.0,13,6,4,-38.18,-47.06,-51,49,0.00
-92.0,13,7,4,-36.75,-45.70,-65,59,0.00
-92.0,13,8,4,-35.32,-44.32,-71,69,0.00
-92.0,13,9,4,-33.89,-42.94,-87,81,0.00
-92.0,13,10,4,-32.44,-41.56,-96,94,0.00
-92.0,13,11,4,-31.12,-40.30,-127,123,0.00
-92.0,13,12,4,-29.86,-39.09,-143,134,0.00
-92.0,13,13,4,-29.88,-39.12,-130,123,0.00
-92.0,13,14,4,-29.85,-39.12,-132,136,0.00
-92.0,13,15,4,-29.86,-39.07,-145,129,0.00
-92.0,14,0,4,-45.93,-53.83,-26,21,0.00
-92.0,14,1,4,-44.62,-52.84,-26,23,0.00
-92.0,14,2,4,-42.74,-51.20,-33,29,0.00
-92.0,14,3,4,-41.10,-49.71,-40,37,0.00
-92.0,14,4,4,-39.68,-48.42,-52,42,0.00
-92.0,14,5,4,-38.30,-47.11,-56,47,0.00
-92.0,14,6,4,-36.86,-45.75,-66,62,0.00
-92.0,14,7,4,-35.41,-44.37,-82,72,0.00
-92.0,14,8,4,-34.02,-43.00,-88,82,0.00
-92.0,14,9,4,-32.57,-41.60,-102,91,0.00
-92.0,14,10,4,-31.12,-40.22,-123,109,0.00
-92.0,14,11,4,-29.81,-38.94,-130,134,0.00
-92.0,14,12,4,-28.56,-37.77,-150,144,0.00
-92.0,14,13,4,-28.56,-37.78,-153,141,0.00
-92.0,14,14,4,-28.53,-37.74,-162,150,0.00
-92.0,14,15,4,-28.55,-37.74,-152,157,0.00
-92.0,15,0,4,-45.38,-53.29,-26,23,0.00
-92.0,15,1,4,-44.05,-52.31,-28,27,0.00
-92.0,15,2,4,-42.18,-50.68,-36,34,0.00
-92.0,15,3,4,-40.53,-49.17,-46,38,0.00
-92.0,15,4,4,-39.12,-47.85,-48,43,0.00
-92.0,15,5,4,-37.74,-46.57,-55,50,0.00
-92.0,15,6,4,-36.30,-45.17,-62,67,0.00
-92.0,15,7,4,-34.86,-43.81,-73,72,0.00
-92.0,15,8,4,-33.47,-42.47,-87,88,0.00
-92.0,15,9,4,-32.01,-41.04,-115,101,0.00
-92.0,15,10,4,-30.57,-39.67,-120,120,0.00
-92.0,15,11,4,-29.24,-38.38,-159,135,0.00
-92.0,15,12,4,-27.99,-37.20,-165,162,0.00
-92.0,15,13,4,-27.98,-37.18,-167,173,0.00
-92.0,15,14,4,-27.98,-37.19,-171,158,0.00
-92.0,15,15,4,-28.00,-37.18,-180,155,0.00
dBm,LNA,MIX,VGA,signal,noise,adc_min,adc_max,above_threshold
-77.0,0,0,5,-55.50,-63.10,-10,7,0.00
-77.0,0,1,5,-54.20,-63.04,-10,7,0.00
-77.0,0,2,5,-52.33,-62.93,-10,9,0.00
-77.0,0,3,5,-50.67,-62.82,-11,10,0.00
-77.0,0,4,5,-49.28,-62.66,-12,10,0.00
-77.0,0,5,5,-47.91,-62.50,-13,11,0.00
-77.0,0,6,5,-46.47,-62.27,-15,12,0.00
-77.0,0,7,5,-45.03,-61.93,-16,15,0.00
-77.0,0,8,5,-43.62,-61.52,-18,15,0.00
-77.0,0,9,5,-42.18,-61.05,-21,18,0.00
-77.0,0,10,5,-40.72,-60.46,-23,20,0.00
-77.0,0,11,5,-39.40,-59.80,-27,24,0.00
-77.0,0,12,5,-38.13,-59.12,-29,26,0.00
-77.0,0,13,5,-38.12,-59.10,-29,27,0.00
-77.0,0,14,5,-38.14,-59.13,-29,26,0.00
-77.0,0,15,5,-38.14,-59.14,-31,27,0.00
-80.0,1,0,5,-55.32,-63.00,-9,7,0.00
-80.0,1,1,5,-54.04,-62.86,-10,7,0.00
-80.0,1,2,5,-52.16,-62.72,-10,8,0.00
-80.0,1,3,5,-50.50,-62.52,-12,9,0.00
-80.0,1,4,5,-49.12,-62.27,-12,10,0.00
-80.0,1,5,5,-47.74,-62.00,-13,11,0.00
-80.0,1,6,5,-46.29,-61.62,-15,12,0.00
-80.0,1,7,5,-44.84,-61.11,-17,15,0.00
-80.0,1,8,5,-43.44,-60.54,-20,17,0.00
-80.0,1,9,5,-42.00,-59.81,-22,18,0.00
-80.0,1,10,5,-40.54,-59.01,-24,22,0.00
-80.0,1,11,5,-39.21,-58.23,-28,25,0.00
-80.0,1,12,5,-37.95,-57.39,-30,28,0.00
-80.0,1,13,5,-37.95,-57.37,-31,28,0.00
-80.0,1,14,5,-37.96,-57.36,-32,29,0.00
-80.0,1,15,5,-37.97,-57.36,-33,29,0.00
-83.0,2,0,5,-54.68,-62.62,-9,7,0.00
-83.0,2,1,5,-53.37,-62.48,-10,9,0.00
-83.0,2,2,5,-51.50,-62.15,-11,9,0.00
-83.0,2,3,5,-49.84,-61.74,-11,10,0.00
-83.0,2,4,5,-48.44,-61.36,-13,11,0.00
-83.0,2,5,5,-47.08,-60.79,-15,12,0.00
-83.0,2,6,5,-45.62,-60.14,-16,14,0.00
-83.0,2,7,5,-44.18,-59.42,-18,16,0.00
-83.0,2,8,5,-42.78,-58.56,-21,18,0.00
-83.0,2,9,5,-41.33,-57.58,-23,22,0.00
-83.0,2,10,5,-39.86,-56.53,-29,26,0.00
-83.0,2,11,5,-38.55,-55.47,-31,31,0.00
-83.0,2,12,5,-37.29,-54.47,-37,33,0.00
-83.0,2,13,5,-37.29,-54.49,-37,33,0.00
-83.0,2,14,5,-37.29,-54.53,-36,34,0.00
-83.0,2,15,5,-37.29,-54.49,-36,35,0.00
-86.0,3,0,5,-54.37,-62.15,-10,7,0.00
-86.0,3,1,5,-53.05,-61.87,-11,8,0.00
-86.0,3,2,5,-51.19,-61.29,-12,9,0.00
-86.0,3,3,5,-49.54,-60.66,-13,11,0.00
-86.0,3,4,5,-48.13,-60.04,-14,12,0.00
-86.0,3,5,5,-46.76,-59.31,-15,14,0.00
-86.0,3,6,5,-45.33,-58.43,-19,17,0.00
-86.0,3,7,5,-43.88,-57.45,-23,18,0.00
-86.0,3,8,5,-42.46,-56.40,-23,21,0.00
-86.0,3,9,5,-41.02,-55.24,-27,25,0.00
-86.0,3,10,5,-39.57,-54.07,-32,29,0.00
-86.0,3,11,5,-38.25,-52.97,-38,33,0.00
-86.0,3,12,5,-36.99,-51.85,-40,40,0.00
-86.0,3,13,5,-36.98,-51.85,-42,42,0.00
-86.0,3,14,5,-36.98,-51.83,-41,38,0.00
-86.0,3,15,5,-36.98,-51.85,-42,39,0.00
-89.0,4,0,5,-55.50,-61.65,-11,9,0.00
-89.0,4,1,5,-54.13,-61.27,-11,8,0.00
-89.0,4,2,5,-52.31,-60.58,-12,9,0.00
-89.0,4,3,5,-50.67,-59.82,-14,10,0.00
-89.0,4,4,5,-49.26,-59.02,-15,12,0.00
-89.0,4,5,5,-47.88,-58.16,-16,14,0.00
-89.0,4,6,5,-46.43,-57.14,-18,16,0.00
-89.0,4,7,5,-45.00,-56.06,-23,19,0.00
-89.0,4,8,5,-43.60,-54.91,-24,21,0.00
-89.0,4,9,5,-42.14,-53.70,-28,25,0.00
-89.0,4,10,5,-40.68,-52.44,-35,31,0.00
-89.0,4,11,5,-39.36,-51.29,-39,36,0.00
-89.0,4,12,5,-38.10,-50.19,-42,40,0.00
-89.0,4,13,5,-38.11,-50.15,-47,40,0.00
-89.0,4,14,5,-38.10,-50.16,-48,39,0.00
-89.0,4,15,5,-38.11,-50.18,-44,43,0.00
-89.0,5,0,5,-53.75,-61.05,-11,9,0.00
-89.0,5,1,5,-52.41,-60.60,-12,10,0.00
-89.0,5,2,5,-50.56,-59.69,-13,11,0.00
-89.0,5,3,5,-48.92,-58.79,-15,12,0.00
-89.0,5,4,5,-47.51,-57.88,-17,14,0.00
-89.0,5,5,5,-46.15,-56.91,-19,18,0.00
-89.0,5,6,5,-44.70,-55.81,-21,20,0.00
-89.0,5,7,5,-43.26,-54.64,-26,22,0.00
-89.0,5,8,5,-41.85,-53.41,-28,27,0.00
-89.0,5,9,5,-40.40,-52.15,-35,32,0.00
-89.0,5,10,5,-38.95,-50.86,-41,38,0.00
-89.0,5,11,5,-37.62,-49.64,-47,45,0.00
-89.0,5,12,5,-36.36,-48.53,-53,51,0.00
-89.0,5,13,5,-36.37,-48.54,-53,54,0.00
-89.0,5,14,5,-36.37,-48.51,-53,47,0.00
-89.0,5,15,5,-36.37,-48.52,-52,51,0.00
-89.0,6,0,5,-50.74,-59.61,-13,12,0.00
-89.0,6,1,5,-49.42,-58.98,-14,13,0.00
-89.0,6,2,5,-47.58,-57.80,-17,15,0.00
-89.0,6,3,5,-45.92,-56.66,-19,17,0.00
-89.0,6,4,5,-44.50,-55.59,-22,20,0.00
-89.0,6,5,5,-43.14,-54.46,-28,23,0.00
-89.0,6,6,5,-41.69,-53.22,-30,28,0.00
-89.0,6,7,5,-40.25,-51.94,-35,31,0.00
-89.0,6,8,5,-38.84,-50.65,-40,38,0.00
-89.0,6,9,5,-37.39,-49.37,-49,45,0.00
-89.0,6,10,5,-35.93,-47.98,-54,50,0.00
-89.0,6,11,5,-34.61,-46.77,-63,63,0.00
-89.0,6,12,5,-33.36,-45.64,-74,69,0.00
-89.0,6,13,5,-33.37,-45.61,-72,71,0.00
-89.0,6,14,5,-33.36,-45.60,-72,72,0.00
-89.0,6,15,5,-33.37,-45.61,-75,68,0.00
-92.0,7,0,5,-50.66,-57.66,-16,13,0.00
-92.0,7,1,5,-49.36,-56.88,-17,14,0.00
-92.0,7,2,5,-47.49,-55.51,-21,16,0.00
-92.0,7,3,5,-45.85,-54.18,-22,19,0.00
-92.0,7,4,5,-44.44,-53.01,-27,24,0.00
-92.0,7,5,5,-43.06,-51.77,-30,28,0.00
-92.0,7,6,5,-41.63,-50.46,-35,32,0.00
-92.0,7,7,5,-40.18,-49.11,-40,39,0.00
-92.0,7,8,5,-38.77,-47.80,-51,44,0.00
-92.0,7,9,5,-37.32,-46.42,-57,52,0.00
-92.0,7,10,5,-35.87,-45.05,-69,65,0.00
-92.0,7,11,5,-34.56,-43.84,-73,74,0.00
-92.0,7,12,5,-33.29,-42.64,-92,96,0.00
-92.0,7,13,5,-33.31,-42.65,-101,88,0.00
-92.0,7,14,5,-33.31,-42.66,-91,99,0.00
-92.0,7,15,5,-33.30,-42.63,-88,87,0.00
-92.0,8,0,5,-47.49,-55.14,-20,19,0.00
-92.0,8,1,5,-46.18,-54.25,-22,20,0.00
-92.0,8,2,5,-44.31,-52.72,-27,25,0.00
-92.0,8,3,5,-42.66,-51.26,-33,29,0.00
-92.0,8,4,5,-41.26,-50.01,-42,35,0.00
-92.0,8,5,5,-39.86,-48.71,-43,43,0.00
-92.0,8,6,5,-38.43,-47.36,-50,49,0.00
-92.0,8,7,5,-37.00,-46.04,-60,55,0.00
-92.0,8,8,5,-35.58,-44.69,-69,71,0.00
-92.0,8,9,5,-34.15,-43.29,-78,84,0.00
-92.0,8,10,5,-32.69,-41.90,-95,95,0.00
-92.0,8,11,5,-31.37,-40.63,-111,106,0.00
-92.0,8,12,5,-30.13,-39.43,-125,124,0.00
-92.0,8,13,5,-30.13,-39.44,-132,126,0.00
-92.0,8,14,5,-30.13,-39.44,-139,131,0.00
-92.0,8,15,5,-30.12,-39.43,-121,128,0.00
-92.0,9,0,5,-45.96,-53.79,-24,21,0.00
-92.0,9,1,5,-44.64,-52.87,-26,26,0.00
-92.0,9,2,5,-42.78,-51.26,-32,32,0.00
-92.0,9,3,5,-41.11,-49.80,-36,36,0.00
-92.0,9,4,5,-39.73,-48.51,-45,42,0.00
-92.0,9,5,5,-38.35,-47.22,-52,52,0.00
-92.0,9,6,5,-36.91,-45.83,-62,57,0.00
-92.0,9,7,5,-35.47,-44.49,-66,72,0.00
-92.0,9,8,5,-34.06,-43.12,-89,77,0.00
-92.0,9,9,5,-32.62,-41.73,-97,89,0.00
-92.0,9,10,5,-31.16,-40.35,-115,112,0.00
-92.0,9,11,5,-29.86,-39.06,-129,139,0.00
-92.0,9,12,5,-28.59,-37.85,-152,147,0.00
-92.0,9,13,5,-28.60,-37.91,-145,145,0.00
-92.0,9,14,5,-28.59,-37.92,-152,148,0.00
-92.0,9,15,5,-28.59,-37.89,-148,146,0.00
-92.0,10,0,5,-45.36,-53.25,-24,23,0.00
-92.0,10,1,5,-44.06,-52.30,-28,25,0.00
-92.0,10,2,5,-42.20,-50.70,-36,31,0.00
-92.0,10,3,5,-40.53,-49.18,-41,40,0.00
-92.0,10,4,5,-39.13,-47.93,-50,46,0.00
-92.0,10,5,5,-37.75,-46.61,-61,53,0.00
-92.0,10,6,5,-36.30,-45.25,-67,59,0.00
-92.0,10,7,5,-34.87,-43.88,-74,68,0.00
-92.0,10,8,5,-33.47,-42.50,-85,91,0.00
-92.0,10,9,5,-32.02,-41.14,-103,101,0.00
-92.0,10,10,5,-30.56,-39.74,-121,116,0.00
-92.0,10,11,5,-29.26,-38.48,-142,139,0.00
-92.0,10,12,5,-28.01,-37.29,-168,166,0.00
-92.0,10,13,5,-27.99,-37.29,-159,159,0.00
-92.0,10,14,5,-28.00,-37.29,-175,162,0.00
-92.0,10,15,5,-27.99,-37.26,-163,154,0.00
-92.0,11,0,5,-44.80,-52.72,-26,24,0.00
-92.0,11,1,5,-43.47,-51.76,-32,29,0.00
-92.0,11,2,5,-41.60,-50.17,-39,32,0.00
-92.0,11,3,5,-39.96,-48.65,-47,39,0.00
-92.0,11,4,5,-38.56,-47.35,-49,49,0.00
-92.0,11,5,5,-37.18,-46.06,-63,56,0.00
-92.0,11,6,5,-35.73,-44.67,-70,70,0.00
-92.0,11,7,5,-34.29,-43.29,-82,80,0.00
-92.0,11,8,5,-32.89,-41.98,-94,89,0.00
-92.0,11,9,5,-31.46,-40.56,-108,111,0.00
-92.0,11,10,5,-30.00,-39.16,-126,120,0.00
-92.0,11,11,5,-28.68,-37.88,-149,142,0.00
-92.0,11,12,5,-27.41,-36.65,-171,165,0.00
-92.0,11,13,5,-27.41,-36.68,-181,170,0.00
-92.0,11,14,5,-27.42,-36.69,-189,163,0.00
-92.0,11,15,5,-27.40,-36.66,-167,161,0.00
-92.0,12,0,5,-44.00,-52.03,-30,26,0.00
-92.0,12,1,5,-42.69,-51.01,-33,30,0.00
-92.0,12,2,5,-40.84,-49.41,-42,37,0.00
-92.0,12,3,5,-39.16,-47.87,-49,44,0.00
-92.0,12,4,5,-37.79,-46.58,-56,53,0.00
-92.0,12,5,5,-36.40,-45.28,-63,60,0.00
-92.0,12,6,5,-34.96,-43.91,-76,71,0.00
-92.0,12,7,5,-33.53,-42.52,-84,84,0.00
-92.0,12,8,5,-32.11,-41.15,-102,99,0.00
-92.0,12,9,5,-30.65,-39.78,-117,121,0.00
-92.0,12,10,5,-29.20,-38.34,-147,141,0.00
-92.0,12,11,5,-27.90,-37.08,-163,163,0.00
-92.0,12,12,5,-26.65,-35.87,-190,198,0.00
-92.0,12,13,5,-26.64,-35.90,-184,184,0.00
-92.0,12,14,5,-26.64,-35.88,-200,183,0.00
-92.0,12,15,5,-26.64,-35.87,-190,191,0.00
-92.0,13,0,5,-43.94,-51.93,-29,26,0.00
-92.0,13,1,5,-42.61,-50.91,-31,29,0.00
-92.0,13,2,5,-40.75,-49.32,-41,37,0.00
-92.0,13,3,5,-39.10,-47.79,-49,47,0.00
-92.0,13,4,5,-37.70,-46.48,-57,53,0.00
-92.0,13,5,5,-36.33,-45.20,-68,67,0.00
-92.0,13,6,5,-34.90,-43.82,-78,79,0.00
-92.0,13,7,5,-33.46,-42.42,-88,91,0.00
-92.0,13,8,5,-32.03,-41.06,-107,98,0.00
-92.0,13,9,5,-30.60,-39.68,-120,120,0.00
-92.0,13,10,5,-29.15,-38.28,-146,132,0.00
-92.0,13,11,5,-27.83,-36.99,-173,163,0.00
-92.0,13,12,5,-26.57,-35.78,-200,190,0.00
-92.0,13,13,5,-26.56,-35.82,-196,193,0.00
-92.0,13,14,5,-26.56,-35.82,-179,190,0.00
-92.0,13,15,5,-26.56,-35.79,-186,183,0.00
-92.0,14,0,5,-42.63,-50.70,-35,29,0.00
-92.0,14,1,5,-41.28,-49.68,-39,33,0.00
-92.0,14,2,5,-39.43,-48.05,-48,45,0.00
-92.0,14,3,5,-37.78,-46.51,-55,50,0.00
-92.0,14,4,5,-36.41,-45.19,-64,62,0.00
-92.0,14,5,5,-35.03,-43.90,-76,73,0.00
-92.0,14,6,5,-33.60,-42.49,-83,83,0.00
-92.0,14,7,5,-32.13,-41.07,-101,106,0.00
-92.0,14,8,5,-30.73,-39.69,-137,126,0.00
-92.0,14,9,5,-29.28,-38.35,-137,145,0.00
-92.0,14,10,5,-27.82,-36.96,-183,166,0.00
-92.0,14,11,5,-26.51,-35.66,-194,192,0.00
-92.0,14,12,5,-25.25,-34.49,-222,215,0.00
-92.0,14,13,5,-25.28,-34.48,-227,257,0.00
-92.0,14,14,5,-25.25,-34.47,-253,213,0.00
-92.0,14,15,5,-25.24,-34.51,-230,212,0.00
-92.0,15,0,5,-42.08,-50.16,-37,33,0.00
-92.0,15,1,5,-40.73,-49.15,-43,37,0.00
-92.0,15,2,5,-38.88,-47.48,-47,48,0.00
-92.0,15,3,5,-37.22,-45.97,-60,55,0.00
-92.0,15,4,5,-35.83,-44.65,-68,70,0.00
-92.0,15,5,5,-34.47,-43.35,-78,78,0.00
-92.0,15,6,5,-33.04,-41.93,-97,89,0.00
-92.0,15,7,5,-31.58,-40.54,-109,108,0.00
-92.0,15,8,5,-30.18,-39.19,-122,130,0.00
-92.0,15,9,5,-28.74,-37.80,-147,160,0.00
-92.0,15,10,5,-27.29,-36.39,-204,169,0.00
-92.0,15,11,5,-25.96,-35.11,-220,208,0.00
-92.0,15,12,5,-24.70,-33.93,-243,232,0.00
-92.0,15,13,5,-24.70,-33.95,-247,248,0.00
-92.0,15,14,5,-24.71,-33.93,-240,255,0.00
-92.0,15,15,5,-24.70,-33.99,-234,238,0.00
dBm,LNA,MIX,VGA,signal,noise,adc_min,adc_max,above_threshold
-80.0,0,0,6,-55.06,-61.50,-10,8,0.00
-80.0,0,1,6,-53.74,-61.41,-11,9,0.00
-80.0,0,2,6,-51.90,-61.26,-13,9,0.00
-80.0,0,3,6,-50.23,-61.07,-13,10,0.00
-80.0,0,4,6,-48.83,-60.90,-13,11,0.00
-80.0,0,5,6,-47.45,-60.61,-14,12,0.00
-80.0,0,6,6,-45.99,-60.30,-16,14,0.00
-80.0,0,7,6,-44.57,-59.86,-18,15,0.00
-80.0,0,8,6,-43.16,-59.34,-20,18,0.00
-80.0,0,9,6,-41.72,-58.73,-23,20,0.00
-80.0,0,10,6,-40.27,-57.96,-26,23,0.00
-80.0,0,11,6,-38.96,-57.20,-28,28,0.00
-80.0,0,12,6,-37.69,-56.40,-33,31,0.00
-80.0,0,13,6,-37.69,-56.42,-34,31,0.00
-80.0,0,14,6,-37.69,-56.38,-32,30,0.00
-80.0,0,15,6,-37.68,-56.39,-33,31,0.00
-83.0,1,0,6,-55.11,-61.29,-10,8,0.00
-83.0,1,1,6,-53.78,-61.15,-11,8,0.00
-83.0,1,2,6,-51.94,-60.96,-11,9,0.00
-83.0,1,3,6,-50.27,-60.64,-13,10,0.00
-83.0,1,4,6,-48.88,-60.30,-13,12,0.00
-83.0,1,5,6,-47.50,-59.95,-15,12,0.00
-83.0,1,6,6,-46.07,-59.34,-17,14,0.00
-83.0,1,7,6,-44.63,-58.77,-18,15,0.00
-83.0,1,8,6,-43.21,-58.05,-21,19,0.00
-83.0,1,9,6,-41.78,-57.22,-25,21,0.00
-83.0,1,10,6,-40.30,-56.29,-28,25,0.00
-83.0,1,11,6,-38.99,-55.37,-32,28,0.00
-83.0,1,12,6,-37.72,-54.37,-36,32,0.00
-83.0,1,13,6,-37.72,-54.40,-36,33,0.00
-83.0,1,14,6,-37.73,-54.41,-36,32,0.00
-83.0,1,15,6,-37.72,-54.40,-36,33,0.00
-86.0,2,0,6,-53.92,-60.86,-11,8,0.00
-86.0,2,1,6,-52.62,-60.58,-12,9,0.00
-86.0,2,2,6,-50.77,-60.13,-13,10,0.00
-86.0,2,3,6,-49.12,-59.63,-15,12,0.00
-86.0,2,4,6,-47.73,-59.02,-16,13,0.00
-86.0,2,5,6,-46.34,-58.38,-18,15,0.00
-86.0,2,6,6,-44.89,-57.58,-20,16,0.00
-86.0,2,7,6,-43.46,-56.71,-23,21,0.00
-86.0,2,8,6,-42.04,-55.74,-25,23,0.00
-86.0,2,9,6,-40.60,-54.65,-30,26,0.00
-86.0,2,10,6,-39.15,-53.47,-33,35,0.00
-86.0,2,11,6,-37.82,-52.40,-39,35,0.00
-86.0,2,12,6,-36.57,-51.32,-45,41,0.00
-86.0,2,13,6,-36.57,-51.33,-42,44,0.00
-86.0,2,14,6,-36.57,-51.31,-43,42,0.00
-86.0,2,15,6,-36.57,-51.28,-45,43,0.00
-89.0,3,0,6,-53.87,-60.17,-12,9,0.00
-89.0,3,1,6,-52.53,-59.73,-15,10,0.00
-89.0,3,2,6,-50.67,-59.05,-14,11,0.00
-89.0,3,3,6,-49.02,-58.26,-16,14,0.00
-89.0,3,4,6,-47.63,-57.49,-18,14,0.00
-89.0,3,5,6,-46.25,-56.59,-20,16,0.00
-89.0,3,6,6,-44.80,-55.57,-23,20,0.00
-89.0,3,7,6,-43.36,-54.50,-24,22,0.00
-89.0,3,8,6,-41.94,-53.37,-30,26,0.00
-89.0,3,9,6,-40.51,-52.16,-32,30,0.00
-89.0,3,10,6,-39.04,-50.88,-39,36,0.00
-89.0,3,11,6,-37.73,-49.70,-46,40,0.00
-89.0,3,12,6,-36.48,-48.60,-53,49,0.00
-89.0,3,13,6,-36.47,-48.61,-51,51,0.00
-89.0,3,14,6,-36.47,-48.58,-53,49,0.00
-89.0,3,15,6,-36.45,-48.57,-58,48,0.00
-89.0,4,0,6,-51.99,-59.48,-12,10,0.00
-89.0,4,1,6,-50.66,-58.98,-14,12,0.00
-89.0,4,2,6,-48.81,-58.10,-16,14,0.00
-89.0,4,3,6,-47.17,-57.17,-18,15,0.00
-89.0,4,4,6,-45.76,-56.27,-22,21,0.00
-89.0,4,5,6,-44.40,-55.29,-23,20,0.00
-89.0,4,6,6,-42.94,-54.16,-28,24,0.00
-89.0,4,7,6,-41.51,-52.98,-34,27,0.00
-89.0,4,8,6,-40.09,-51.76,-35,32,0.00
-89.0,4,9,6,-38.65,-50.50,-42,38,0.00
-89.0,4,10,6,-37.19,-49.16,-46,47,0.00
-89.0,4,11,6,-35.88,-47.98,-53,51,0.00
-89.0,4,12,6,-34.62,-46.85,-63,60,0.00
-89.0,4,13,6,-34.62,-46.86,-64,60,0.00
-89.0,4,14,6,-34.63,-46.85,-62,60,0.00
-89.0,4,15,6,-34.63,-46.85,-64,62,0.00
-89.0,5,0,6,-50.28,-58.68,-14,12,0.00
-89.0,5,1,6,-48.95,-58.11,-15,13,0.00
-89.0,5,2,6,-47.12,-57.10,-20,15,0.00
-89.0,5,3,6,-45.44,-56.01,-21,18,0.00
-89.0,5,4,6,-44.05,-54.94,-24,22,0.00
-89.0,5,5,6,-42.67,-53.90,-27,24,0.00
-89.0,5,6,6,-41.22,-52.69,-30,28,0.00
-89.0,5,7,6,-39.77,-51.47,-38,34,0.00
-89.0,5,8,6,-38.37,-50.19,-44,39,0.00
-89.0,5,9,6,-36.91,-48.90,-48,47,0.00
-89.0,5,10,6,-35.46,-47.56,-59,54,0.00
-89.0,5,11,6,-34.16,-46.37,-66,67,0.00
-89.0,5,12,6,-32.90,-45.21,-79,70,0.00
-89.0,5,13,6,-32.90,-45.19,-76,75,0.00
-89.0,5,14,6,-32.90,-45.19,-74,74,0.00
-89.0,5,15,6,-32.90,-45.19,-80,75,0.00
-92.0,6,0,6,-50.19,-56.95,-16,13,0.00
-92.0,6,1,6,-48.88,-56.23,-18,16,0.00
-92.0,6,2,6,-47.01,-54.92,-22,19,0.00
-92.0,6,3,6,-45.36,-53.65,-25,21,0.00
-92.0,6,4,6,-43.95,-52.47,-28,26,0.00
-92.0,6,5,6,-42.59,-51.31,-32,27,0.00
-92.0,6,6,6,-41.13,-50.00,-41,35,0.00
-92.0,6,7,6,-39.68,-48.68,-43,40,0.00
-92.0,6,8,6,-38.27,-47.36,-50,51,0.00
-92.0,6,9,6,-36.85,-46.00,-59,55,0.00
-92.0,6,10,6,-35.38,-44.68,-66,65,0.00
-92.0,6,11,6,-34.08,-43.43,-84,79,0.00
-92.0,6,12,6,-32.82,-42.22,-90,85,0.00
-92.0,6,13,6,-32.83,-42.24,-91,88,0.00
-92.0,6,14,6,-32.82,-42.23,-92,90,0.00
-92.0,6,15,6,-32.81,-42.21,-100,94,0.00
-92.0,7,0,6,-47.19,-54.77,-22,17,0.00
-92.0,7,1,6,-45.90,-53.89,-25,21,0.00
-92.0,7,2,6,-44.03,-52.41,-27,26,0.00
-92.0,7,3,6,-42.36,-51.00,-35,30,0.00
-92.0,7,4,6,-40.97,-49.77,-38,37,0.00
-92.0,7,5,6,-39.58,-48.47,-45,42,0.00
-92.0,7,6,6,-38.14,-47.15,-52,52,0.00
-92.0,7,7,6,-36.69,-45.78,-62,58,0.00
-92.0,7,8,6,-35.29,-44.44,-75,76,0.00
-92.0,7,9,6,-33.86,-43.09,-80,82,0.00
-92.0,7,10,6,-32.41,-41.68,-98,96,0.00
-92.0,7,11,6,-31.10,-40.43,-117,110,0.00
-92.0,7,12,6,-29.83,-39.26,-128,131,0.00
-92.0,7,13,6,-29.83,-39.24,-127,125,0.00
-92.0,7,14,6,-29.83,-39.24,-124,124,0.00
-92.0,7,15,6,-29.83,-39.27,-136,129,0.00
-92.0,8,0,6,-44.00,-52.04,-29,25,0.00
-92.0,8,1,6,-42.69,-51.04,-33,31,0.00
-92.0,8,2,6,-40.82,-49.46,-38,36,0.00
-92.0,8,3,6,-39.18,-47.98,-48,42,0.00
-92.0,8,4,6,-37.76,-46.69,-53,51,0.00
-92.0,8,5,6,-36.39,-45.38,-65,61,0.00
-92.0,8,6,6,-34.95,-44.05,-74,74,0.00
-92.0,8,7,6,-33.51,-42.64,-93,92,0.00
-92.0,8,8,6,-32.11,-41.28,-101,96,0.00
-92.0,8,9,6,-30.67,-39.89,-135,109,0.00
-92.0,8,10,6,-29.21,-38.51,-150,148,0.00
-92.0,8,11,6,-27.88,-37.22,-155,164,0.00
-92.0,8,12,6,-26.64,-36.05,-188,195,0.00
-92.0,8,13,6,-26.65,-36.00,-176,188,0.00
-92.0,8,14,6,-26.64,-36.03,-193,183,0.00
-92.0,8,15,6,-26.63,-36.04,-205,179,0.00
-92.0,9,0,6,-42.48,-50.60,-35,29,0.00
-92.0,9,1,6,-41.16,-49.64,-37,39,0.00
-92.0,9,2,6,-39.29,-47.95,-46,46,0.00
-92.0,9,3,6,-37.64,-46.47,-54,54,0.00
-92.0,9,4,6,-36.23,-45.16,-64,61,0.00
-92.0,9,5,6,-34.86,-43.88,-72,72,0.00
-92.0,9,6,6,-33.43,-42.49,-86,85,0.00
-92.0,9,7,6,-31.98,-41.11,-108,102,0.00
-92.0,9,8,6,-30.58,-39.71,-121,122,0.00
-92.0,9,9,6,-29.13,-38.32,-147,145,0.00
-92.0,9,10,6,-27.68,-36.90,-161,168,0.00
-92.0,9,11,6,-26.34,-35.70,-186,185,0.00
-92.0,9,12,6,-25.09,-34.47,-225,219,0.00
-92.0,9,13,6,-25.09,-34.48,-217,212,0.00
-92.0,9,14,6,-25.10,-34.48,-211,219,0.00
-92.0,9,15,6,-25.09,-34.48,-220,216,0.00
-92.0,10,0,6,-41.88,-50.05,-35,34,0.00
-92.0,10,1,6,-40.54,-49.07,-46,38,0.00
-92.0,10,2,6,-38.69,-47.41,-54,50,0.00
-92.0,10,3,6,-37.04,-45.88,-65,56,0.00
-92.0,10,4,6,-35.64,-44.57,-69,68,0.00
-92.0,10,5,6,-34.27,-43.27,-82,83,0.00
-92.0,10,6,6,-32.83,-41.91,-102,84,0.00
-92.0,10,7,6,-31.39,-40.51,-110,111,0.00
-92.0,10,8,6,-29.99,-39.11,-135,124,0.00
-92.0,10,9,6,-28.55,-37.70,-155,166,0.00
-92.0,10,10,6,-27.08,-36.30,-181,169,0.00
-92.0,10,11,6,-25.77,-35.04,-204,205,0.00
-92.0,10,12,6,-24.50,-33.86,-249,236,0.00
-92.0,10,13,6,-24.51,-33.83,-251,232,0.00
-92.0,10,14,6,-24.51,-33.86,-260,230,0.00
-92.0,10,15,6,-24.51,-33.85,-231,229,0.00
-92.0,11,0,6,-41.28,-49.47,-39,38,0.00
-92.0,11,1,6,-40.00,-48.52,-45,40,0.00
-92.0,11,2,6,-38.11,-46.82,-54,48,0.00
-92.0,11,3,6,-36.46,-45.32,-63,60,0.00
-92.0,11,4,6,-35.05,-44.02,-73,73,0.00
-92.0,11,5,6,-33.69,-42.69,-83,81,0.00
-92.0,11,6,6,-32.25,-41.30,-100,100,0.00
-92.0,11,7,6,-30.81,-39.92,-118,119,0.00
-92.0,11,8,6,-29.39,-38.54,-139,139,0.00
-92.0,11,9,6,-27.94,-37.12,-177,158,0.00
-92.0,11,10,6,-26.50,-35.71,-186,184,0.00
-92.0,11,11,6,-25.18,-34.44,-217,217,0.00
-92.0,11,12,6,-23.93,-33.27,-254,266,0.00
-92.0,11,13,6,-23.93,-33.26,-247,265,0.00
-92.0,11,14,6,-23.93,-33.30,-254,263,0.00
-92.0,11,15,6,-23.92,-33.29,-251,260,0.00
-92.0,12,0,6,-40.51,-48.76,-45,40,0.00
-92.0,12,1,6,-39.19,-47.74,-47,45,0.00
-92.0,12,2,6,-37.33,-46.10,-59,55,0.00
-92.0,12,3,6,-35.68,-44.54,-67,66,0.00
-92.0,12,4,6,-34.28,-43.21,-77,73,0.00
-92.0,12,5,6,-32.92,-41.90,-98,108,0.00
-92.0,12,6,6,-31.48,-40.53,-107,105,0.00
-92.0,12,7,6,-30.04,-39.13,-135,130,0.00
-92.0,12,8,6,-28.62,-37.73,-156,149,0.00
-92.0,12,9,6,-27.19,-36.37,-182,169,0.00
-92.0,12,10,6,-25.71,-34.95,-217,204,0.00
-92.0,12,11,6,-24.41,-33.71,-262,253,0.00
-92.0,12,12,6,-23.15,-32.53,-285,281,0.00
-92.0,12,13,6,-23.14,-32.49,-276,285,0.00
-92.0,12,14,6,-23.15,-32.49,-288,274,0.00
-92.0,12,15,6,-23.15,-32.50,-273,298,0.00
-92.0,13,0,6,-40.47,-48.67,-42,40,0.00
-92.0,13,1,6,-39.16,-47.68,-50,43,0.00
-92.0,13,2,6,-37.26,-45.99,-58,58,0.00
-92.0,13,3,6,-35.61,-44.47,-72,66,0.00
-92.0,13,4,6,-34.22,-43.16,-79,79,0.00
-92.0,13,5,6,-32.86,-41.85,-91,87,0.00
-92.0,13,6,6,-31.39,-40.43,-110,110,0.00
-92.0,13,7,6,-29.97,-39.03,-138,132,0.00
-92.0,13,8,6,-28.56,-37.66,-155,158,0.00
-92.0,13,9,6,-27.14,-36.27,-183,179,0.00
-92.0,13,10,6,-25.66,-34.86,-209,209,0.00
-92.0,13,11,6,-24.34,-33.63,-243,255,0.00
-92.0,13,12,6,-23.08,-32.44,-282,274,0.00
-92.0,13,13,6,-23.10,-32.45,-277,307,0.00
-92.0,13,14,6,-23.07,-32.45,-280,284,0.00
-92.0,13,15,6,-23.07,-32.43,-279,304,0.00
-92.0,14,0,6,-39.13,-47.42,-47,48,0.00
-92.0,14,1,6,-37.80,-46.38,-60,58,0.00
-92.0,14,2,6,-35.95,-44.72,-65,64,0.00
-92.0,14,3,6,-34.30,-43.17,-86,77,0.00
-92.0,14,4,6,-32.92,-41.84,-91,98,0.00
-92.0,14,5,6,-31.54,-40.51,-122,104,0.00
-92.0,14,6,6,-30.09,-39.12,-132,123,0.00
-92.0,14,7,6,-28.65,-37.71,-151,145,0.00
-92.0,14,8,6,-27.24,-36.31,-173,169,0.00
-92.0,14,9,6,-25.80,-34.94,-218,200,0.00
-92.0,14,10,6,-24.34,-33.53,-255,244,0.00
-92.0,14,11,6,-23.02,-32.30,-281,272,0.00
-92.0,14,12,6,-21.77,-31.08,-330,318,0.00
-92.0,14,13,6,-21.76,-31.12,-363,338,0.00
-92.0,14,14,6,-21.76,-31.09,-335,352,0.00
-92.0,14,15,6,-21.77,-31.12,-338,334,0.00
-92.0,15,0,6,-38.56,-46.88,-52,46,0.00
-92.0,15,1,6,-37.25,-45.83,-61,56,0.00
-92.0,15,2,6,-35.40,-44.11,-73,69,0.00
-92.0,15,3,6,-33.76,-42.63,-85,85,0.00
-92.0,15,4,6,-32.35,-41.29,-104,105,0.00
-92.0,15,5,6,-30.97,-39.99,-124,115,0.00
-92.0,15,6,6,-29.52,-38.51,-132,138,0.00
-92.0,15,7,6,-28.11,-37.13,-172,181,0.00
-92.0,15,8,6,-26.68,-35.79,-189,200,0.00
-92.0,15,9,6,-25.25,-34.36,-235,221,0.00
-92.0,15,10,6,-23.79,-32.98,-289,280,0.00
-92.0,15,11,6,-22.47,-31.74,-300,295,0.00
-92.0,15,12,6,-21.21,-30.60,-340,401,0.00
-92.0,15,13,6,-21.21,-30.57,-338,358,0.00
-92.0,15,14,6,-21.21,-30.56,-360,349,0.00
-92.0,15,15,6,-21.23,-30.55,-339,335,0.00
dBm,LNA,MIX,VGA,signal,noise,adc_min,adc_max,above_threshold
-80.0,0,0,7,-51.69,-58.93,-18,10,0.00
-80.0,0,1,7,-50.38,-58.84,-19,10,0.00
-80.0,0,2,7,-48.51,-58.66,-20,12,0.00
-80.0,0,3,7,-46.85,-58.54,-21,14,0.00
-80.0,0,4,7,-45.46,-58.31,-23,15,0.00
-80.0,0,5,7,-44.08,-58.00,-25,17,0.00
-80.0,0,6,7,-42.65,-57.63,-27,20,0.00
-80.0,0,7,7,-41.21,-57.19,-30,23,0.00
-80.0,0,8,7,-39.79,-56.55,-34,25,0.00
-80.0,0,9,7,-38.35,-55.90,-36,29,0.00
-80.0,0,10,7,-36.88,-55.15,-41,35,0.00
-80.0,0,11,7,-35.58,-54.38,-47,39,0.00
-80.0,0,12,7,-34.33,-53.52,-51,45,0.00
-80.0,0,13,7,-34.33,-53.51,-52,45,0.00
-80.0,0,14,7,-34.34,-53.48,-51,44,0.00
-80.0,0,15,7,-34.33,-53.52,-49,45,0.00
-83.0,1,0,7,-51.76,-58.75,-19,11,0.00
-83.0,1,1,7,-50.42,-58.59,-20,12,0.00
-83.0,1,2,7,-48.59,-58.34,-21,12,0.00
-83.0,1,3,7,-46.94,-57.99,-22,14,0.00
-83.0,1,4,7,-45.55,-57.66,-23,15,0.00
-83.0,1,5,7,-44.17,-57.25,-26,17,0.00
-83.0,1,6,7,-42.72,-56.70,-28,20,0.00
-83.0,1,7,7,-41.27,-55.99,-31,23,0.00
-83.0,1,8,7,-39.86,-55.23,-33,28,0.00
-83.0,1,9,7,-38.42,-54.37,-37,30,0.00
-83.0,1,10,7,-36.96,-53.41,-42,36,0.00
-83.0,1,11,7,-35.65,-52.41,-46,44,0.00
-83.0,1,12,7,-34.39,-51.49,-52,46,0.00
-83.0,1,13,7,-34.39,-51.48,-55,49,0.00
-83.0,1,14,7,-34.40,-51.47,-54,47,0.00
-83.0,1,15,7,-34.40,-51.48,-51,50,0.00
-86.0,2,0,7,-50.61,-58.17,-21,11,0.00
-86.0,2,1,7,-49.29,-57.94,-20,12,0.00
-86.0,2,2,7,-47.43,-57.46,-23,14,0.00
-86.0,2,3,7,-45.78,-56.93,-23,15,0.00
-86.0,2,4,7,-44.37,-56.31,-27,18,0.00
-86.0,2,5,7,-43.00,-55.62,-28,22,0.00
-86.0,2,6,7,-41.56,-54.78,-32,25,0.00
-86.0,2,7,7,-40.10,-53.84,-39,28,0.00
-86.0,2,8,7,-38.68,-52.82,-39,33,0.00
-86.0,2,9,7,-37.24,-51.70,-46,39,0.00
-86.0,2,10,7,-35.79,-50.52,-48,47,0.00
-86.0,2,11,7,-34.48,-49.40,-56,51,0.00
-86.0,2,12,7,-33.22,-48.37,-64,62,0.00
-86.0,2,13,7,-33.23,-48.37,-65,58,0.00
-86.0,2,14,7,-33.22,-48.39,-72,60,0.00
-86.0,2,15,7,-33.23,-48.35,-65,58,0.00
-89.0,3,0,7,-50.49,-57.46,-20,12,0.00
-89.0,3,1,7,-49.17,-57.03,-22,13,0.00
-89.0,3,2,7,-47.30,-56.28,-24,17,0.00
-89.0,3,3,7,-45.66,-55.45,-26,18,0.00
-89.0,3,4,7,-44.25,-54.63,-30,20,0.00
-89.0,3,5,7,-42.90,-53.71,-33,24,0.00
-89.0,3,6,7,-41.42,-52.69,-37,30,0.00
-89.0,3,7,7,-40.01,-51.56,-39,32,0.00
-89.0,3,8,7,-38.58,-50.42,-43,39,0.00
-89.0,3,9,7,-37.14,-49.12,-50,48,0.00
-89.0,3,10,7,-35.68,-47.88,-55,52,0.00
-89.0,3,11,7,-34.37,-46.74,-63,64,0.00
-89.0,3,12,7,-33.12,-45.58,-76,72,0.00
-89.0,3,13,7,-33.12,-45.56,-71,72,0.00
-89.0,3,14,7,-33.11,-45.56,-72,72,0.00
-89.0,3,15,7,-33.13,-45.56,-74,67,0.00
-89.0,4,0,7,-48.65,-56.79,-23,14,0.00
-89.0,4,1,7,-47.32,-56.24,-25,16,0.00
-89.0,4,2,7,-45.46,-55.32,-26,19,0.00
-89.0,4,3,7,-43.81,-54.33,-28,22,0.00
-89.0,4,4,7,-42.40,-53.40,-38,26,0.00
-89.0,4,5,7,-41.03,-52.35,-36,29,0.00
-89.0,4,6,7,-39.58,-51.23,-41,33,0.00
-89.0,4,7,7,-38.13,-49.98,-46,42,0.00
-89.0,4,8,7,-36.73,-48.77,-51,47,0.00
-89.0,4,9,7,-35.27,-47.50,-59,57,0.00
-89.0,4,10,7,-33.83,-46.16,-74,64,0.00
-89.0,4,11,7,-32.53,-44.95,-85,80,0.00
-89.0,4,12,7,-31.28,-43.79,-87,97,0.00
-89.0,4,13,7,-31.27,-43.80,-91,92,0.00
-89.0,4,14,7,-31.28,-43.82,-92,86,0.00
-89.0,4,15,7,-31.26,-43.85,-88,89,0.00
-92.0,5,0,7,-49.84,-55.91,-22,15,0.00
-92.0,5,1,7,-48.52,-55.31,-23,16,0.00
-92.0,5,2,7,-46.65,-54.23,-26,20,0.00
-92.0,5,3,7,-45.00,-53.12,-28,24,0.00
-92.0,5,4,7,-43.59,-52.11,-31,25,0.00
-92.0,5,5,7,-42.20,-50.96,-37,29,0.00
-92.0,5,6,7,-40.78,-49.73,-39,35,0.00
-92.0,5,7,7,-39.32,-48.48,-46,43,0.00
-92.0,5,8,7,-37.93,-47.22,-52,49,0.00
-92.0,5,9,7,-36.46,-45.90,-60,59,0.00
-92.0,5,10,7,-35.03,-44.53,-73,70,0.00
-92.0,5,11,7,-33.71,-43.31,-84,81,0.00
-92.0,5,12,7,-32.46,-42.12,-102,91,0.00
-92.0,5,13,7,-32.46,-42.17,-98,94,0.00
-92.0,5,14,7,-32.47,-42.17,-101,92,0.00
-92.0,5,15,7,-32.46,-42.14,-97,91,0.00
-92.0,6,0,7,-46.81,-54.13,-26,18,0.00
-92.0,6,1,7,-45.51,-53.34,-26,23,0.00
-92.0,6,2,7,-43.65,-52.01,-34,28,0.00
-92.0,6,3,7,-41.99,-50.69,-37,34,0.00
-92.0,6,4,7,-40.58,-49.49,-41,36,0.00
-92.0,6,5,7,-39.22,-48.31,-45,44,0.00
-92.0,6,6,7,-37.78,-47.01,-51,50,0.00
-92.0,6,7,7,-36.33,-45.70,-60,62,0.00
-92.0,6,8,7,-34.93,-44.36,-72,75,0.00
-92.0,6,9,7,-33.48,-43.00,-88,81,0.00
-92.0,6,10,7,-32.03,-41.66,-115,96,0.00
-92.0,6,11,7,-30.71,-40.35,-118,116,0.00
-92.0,6,12,7,-29.46,-39.21,-126,126,0.00
-92.0,6,13,7,-29.45,-39.17,-137,137,0.00
-92.0,6,14,7,-29.45,-39.18,-129,128,0.00
-92.0,6,15,7,-29.46,-39.18,-130,140,0.00
-92.0,7,0,7,-43.84,-51.88,-33,25,0.00
-92.0,7,1,7,-42.52,-50.98,-36,29,0.00
-92.0,7,2,7,-40.67,-49.48,-41,37,0.00
-92.0,7,3,7,-39.00,-48.01,-49,44,0.00
-92.0,7,4,7,-37.60,-46.77,-55,52,0.00
-92.0,7,5,7,-36.22,-45.50,-61,64,0.00
-92.0,7,6,7,-34.77,-44.17,-75,70,0.00
-92.0,7,7,7,-33.35,-42.80,-87,82,0.00
-92.0,7,8,7,-31.95,-41.44,-106,93,0.00
-92.0,7,9,7,-30.50,-40.05,-116,121,0.00
-92.0,7,10,7,-29.05,-38.64,-136,139,0.00
-92.0,7,11,7,-27.72,-37.41,-168,158,0.00
-92.0,7,12,7,-26.46,-36.20,-188,197,0.00
-92.0,7,13,7,-26.47,-36.20,-196,188,0.00
-92.0,7,14,7,-26.47,-36.21,-188,189,0.00
-92.0,7,15,7,-26.48,-36.20,-190,183,0.00
-92.0,8,0,7,-40.66,-49.13,-43,37,0.00
-92.0,8,1,7,-39.33,-48.14,-48,42,0.00
-92.0,8,2,7,-37.47,-46.52,-59,52,0.00
-92.0,8,3,7,-35.84,-45.04,-71,65,0.00
-92.0,8,4,7,-34.42,-43.76,-83,75,0.00
-92.0,8,5,7,-33.07,-42.40,-93,88,0.00
-92.0,8,6,7,-31.61,-41.03,-111,102,0.00
-92.0,8,7,7,-30.17,-39.64,-126,119,0.00
-92.0,8,8,7,-28.77,-38.26,-154,146,0.00
-92.0,8,9,7,-27.32,-36.86,-181,160,0.00
-92.0,8,10,7,-25.85,-35.45,-201,209,0.00
-92.0,8,11,7,-24.54,-34.23,-224,225,0.00
-92.0,8,12,7,-23.27,-33.05,-277,286,0.00
-92.0,8,13,7,-23.29,-33.06,-274,265,0.00
-92.0,8,14,7,-23.29,-33.05,-270,268,0.00
-92.0,8,15,7,-23.30,-33.02,-289,286,0.00
-92.0,9,0,7,-39.13,-47.69,-48,44,0.00
-92.0,9,1,7,-37.78,-46.69,-64,56,0.00
-92.0,9,2,7,-35.94,-45.03,-64,66,0.00
-92.0,9,3,7,-34.30,-43.53,-80,78,0.00
-92.0,9,4,7,-32.88,-42.19,-98,97,0.00
-92.0,9,5,7,-31.50,-40.87,-110,109,0.00
-92.0,9,6,7,-30.05,-39.47,-123,120,0.00
-92.0,9,7,7,-28.62,-38.07,-161,148,0.00
-92.0,9,8,7,-27.22,-36.69,-201,179,0.00
-92.0,9,9,7,-25.77,-35.34,-201,206,0.00
-92.0,9,10,7,-24.29,-33.91,-231,253,0.00
-92.0,9,11,7,-22.98,-32.66,-293,281,0.00
-92.0,9,12,7,-21.74,-31.46,-332,324,0.00
-92.0,9,13,7,-21.73,-31.46,-326,320,0.00
-92.0,9,14,7,-21.73,-31.45,-328,308,0.00
-92.0,9,15,7,-21.72,-31.46,-351,327,0.00
-92.0,10,0,7,-38.53,-47.12,-53,48,0.00
-92.0,10,1,7,-37.20,-46.10,-56,55,0.00
-92.0,10,2,7,-35.33,-44.48,-72,67,0.00
-92.0,10,3,7,-33.67,-42.93,-84,87,0.00
-92.0,10,4,7,-32.27,-41.60,-101,92,0.00
-92.0,10,5,7,-30.92,-40.26,-120,107,0.00
-92.0,10,6,7,-29.45,-38.86,-142,134,0.00
-92.0,10,7,7,-28.00,-37.45,-152,160,0.00
-92.0,10,8,7,-26.59,-36.11,-178,186,0.00
-92.0,10,9,7,-25.16,-34.70,-217,220,0.00
-92.0,10,10,7,-23.70,-33.30,-257,250,0.00
-92.0,10,11,7,-22.39,-32.06,-303,298,0.00
-92.0,10,12,7,-21.13,-30.86,-336,350,0.00
-92.0,10,13,7,-21.13,-30.85,-354,328,0.00
-92.0,10,14,7,-21.13,-30.85,-358,338,0.00
-92.0,10,15,7,-21.12,-30.88,-353,339,0.00
-92.0,11,0,7,-37.92,-46.52,-59,57,0.00
-92.0,11,1,7,-36.59,-45.52,-63,57,0.00
-92.0,11,2,7,-34.75,-43.88,-75,71,0.00
-92.0,11,3,7,-33.10,-42.36,-95,94,0.00
-92.0,11,4,7,-31.69,-41.00,-102,102,0.00
-92.0,11,5,7,-30.31,-39.63,-120,118,0.00
-92.0,11,6,7,-28.87,-38.24,-150,138,0.00
-92.0,11,7,7,-27.44,-36.87,-166,168,0.00
-92.0,11,8,7,-26.02,-35.48,-205,199,0.00
-92.0,11,9,7,-24.59,-34.13,-234,250,0.00
-92.0,11,10,7,-23.11,-32.72,-276,270,0.00
-92.0,11,11,7,-21.79,-31.45,-319,318,0.00
-92.0,11,12,7,-20.53,-30.26,-362,361,0.00
-92.0,11,13,7,-20.54,-30.24,-359,361,0.00
-92.0,11,14,7,-20.56,-30.25,-384,355,0.00
-92.0,11,15,7,-20.56,-30.30,-375,350,0.00
-92.0,12,0,7,-37.14,-45.83,-56,55,0.00
-92.0,12,1,7,-35.82,-44.76,-69,67,0.00
-92.0,12,2,7,-33.97,-43.10,-89,81,0.00
-92.0,12,3,7,-32.31,-41.53,-108,99,0.00
-92.0,12,4,7,-30.93,-40.18,-123,118,0.00
-92.0,12,5,7,-29.54,-38.88,-142,132,0.00
-92.0,12,6,7,-28.10,-37.47,-155,153,0.00
-92.0,12,7,7,-26.64,-36.08,-188,192,0.00
-92.0,12,8,7,-25.25,-34.71,-219,228,0.00
-92.0,12,9,7,-23.79,-33.32,-251,251,0.00
-92.0,12,10,7,-22.34,-31.94,-293,306,0.00
-92.0,12,11,7,-21.02,-30.68,-361,347,0.00
-92.0,12,12,7,-19.77,-29.51,-387,408,0.00
-92.0,12,13,7,-19.76,-29.48,-403,406,0.00
-92.0,12,14,7,-19.76,-29.48,-436,398,0.00
-92.0,12,15,7,-19.76,-29.48,-427,445,0.00
-92.0,13,0,7,-37.08,-45.72,-59,58,0.00
-92.0,13,1,7,-35.75,-44.70,-70,72,0.00
-92.0,13,2,7,-33.91,-43.03,-81,80,0.00
-92.0,13,3,7,-32.26,-41.48,-103,100,0.00
-92.0,13,4,7,-30.84,-40.13,-115,111,0.00
-92.0,13,5,7,-29.48,-38.81,-131,140,0.00
-92.0,13,6,7,-28.04,-37.41,-172,165,0.00
-92.0,13,7,7,-26.59,-35.99,-190,183,0.00
-92.0,13,8,7,-25.19,-34.66,-238,227,0.00
-92.0,13,9,7,-23.73,-33.28,-252,276,0.00
-92.0,13,10,7,-22.28,-31.85,-299,306,0.00
-92.0,13,11,7,-20.95,-30.59,-351,366,0.00
-92.0,13,12,7,-19.69,-29.43,-435,422,0.00
-92.0,13,13,7,-19.70,-29.40,-429,395,0.00
-92.0,13,14,7,-19.70,-29.43,-414,397,0.00
-92.0,13,15,7,-19.70,-29.41,-442,431,0.00
-92.0,14,0,7,-35.78,-44.47,-69,70,0.00
-92.0,14,1,7,-34.47,-43.43,-87,78,0.00
-92.0,14,2,7,-32.59,-41.70,-95,90,0.00
-92.0,14,3,7,-30.92,-40.13,-116,114,0.00
-92.0,14,4,7,-29.52,-38.79,-129,133,0.00
-92.0,14,5,7,-28.17,-37.52,-163,151,0.00
-92.0,14,6,7,-26.73,-36.09,-185,179,0.00
-92.0,14,7,7,-25.27,-34.73,-220,218,0.00
-92.0,14,8,7,-23.87,-33.31,-260,261,0.00
-92.0,14,9,7,-22.42,-31.91,-303,333,0.00
-92.0,14,10,7,-20.96,-30.54,-372,381,0.00
-92.0,14,11,7,-19.65,-29.27,-405,440,0.00
-92.0,14,12,7,-18.40,-28.08,-490,488,0.00
-92.0,14,13,7,-18.40,-28.08,-482,492,0.00
-92.0,14,14,7,-18.39,-28.11,-486,496,0.00
-92.0,14,15,7,-18.38,-28.11,-484,447,0.00
-92.0,15,0,7,-35.21,-43.92,-73,68,0.00
-92.0,15,1,7,-33.90,-42.90,-82,78,0.00
-92.0,15,2,7,-32.05,-41.16,-109,96,0.00
-92.0,15,3,7,-30.38,-39.58,-122,121,0.00
-92.0,15,4,7,-29.00,-38.26,-168,136,0.00
-92.0,15,5,7,-27.62,-36.93,-178,161,0.00
-92.0,15,6,7,-26.15,-35.54,-194,194,0.00
-92.0,15,7,7,-24.72,-34.14,-223,228,0.00
-92.0,15,8,7,-23.31,-32.80,-289,265,0.00
-92.0,15,9,7,-21.88,-31.38,-360,305,0.00
-92.0,15,10,7,-20.42,-30.01,-387,374,0.00
-92.0,15,11,7,-19.09,-28.75,-429,443,0.00
-92.0,15,12,7,-17.83,-27.58,-574,536,0.00
-92.0,15,13,7,-17.85,-27.56,-526,503,0.00
-92.0,15,14,7,-17.85,-27.57,-505,495,0.00
-92.0,15,15,7,-17.84,-27.53,-538,491,0.00
dBm,LNA,MIX,VGA,signal,noise,adc_min,adc_max,above_threshold
-83.0,0,0,8,-51.19,-57.36,-16,11,0.00
-83.0,0,1,8,-49.89,-57.21,-18,12,0.00
-83.0,0,2,8,-48.01,-56.98,-17,13,0.00
-83.0,0,3,8,-46.37,-56.74,-21,15,0.00
-83.0,0,4,8,-44.97,-56.45,-21,17,0.00
-83.0,0,5,8,-43.60,-56.06,-23,19,0.00
-83.0,0,6,8,-42.17,-55.56,-26,22,0.00
-83.0,0,7,8,-40.71,-54.99,-29,24,0.00
-83.0,0,8,8,-39.30,-54.32,-32,32,0.00
-83.0,0,9,8,-37.86,-53.50,-36,34,0.00
-83.0,0,10,8,-36.40,-52.59,-46,38,0.00
-83.0,0,11,8,-35.09,-51.71,-50,44,0.00
-83.0,0,12,8,-33.83,-50.77,-55,53,0.00
-83.0,0,13,8,-33.83,-50.78,-55,52,0.00
-83.0,0,14,8,-33.83,-50.79,-54,51,0.00
-83.0,0,15,8,-33.83,-50.77,-53,48,0.00
-86.0,1,0,8,-50.69,-57.08,-18,12,0.00
-86.0,1,1,8,-49.40,-56.86,-18,12,0.00
-86.0,1,2,8,-47.53,-56.52,-18,14,0.00
-86.0,1,3,8,-45.88,-56.14,-21,17,0.00
-86.0,1,4,8,-44.48,-55.62,-22,19,0.00
-86.0,1,5,8,-43.11,-55.09,-25,21,0.00
-86.0,1,6,8,-41.65,-54.42,-29,25,0.00
-86.0,1,7,8,-40.21,-53.61,-32,29,0.00
-86.0,1,8,8,-38.80,-52.73,-36,31,0.00
-86.0,1,9,8,-37.36,-51.75,-42,38,0.00
-86.0,1,10,8,-35.90,-50.65,-50,43,0.00
-86.0,1,11,8,-34.59,-49.62,-54,48,0.00
-86.0,1,12,8,-33.34,-48.59,-62,59,0.00
-86.0,1,13,8,-33.33,-48.60,-61,60,0.00
-86.0,1,14,8,-33.32,-48.64,-63,58,0.00
-86.0,1,15,8,-33.34,-48.59,-64,57,0.00
-89.0,2,0,8,-49.71,-56.37,-17,12,0.00
-89.0,2,1,8,-48.39,-56.03,-19,15,0.00
-89.0,2,2,8,-46.53,-55.40,-21,17,0.00
-89.0,2,3,8,-44.87,-54.70,-23,19,0.00
-89.0,2,4,8,-43.50,-53.96,-26,21,0.00
-89.0,2,5,8,-42.11,-53.14,-29,27,0.00
-89.0,2,6,8,-40.65,-52.21,-35,29,0.00
-89.0,2,7,8,-39.21,-51.12,-38,34,0.00
-89.0,2,8,8,-37.80,-50.03,-44,41,0.00
-89.0,2,9,8,-36.36,-48.83,-52,45,0.00
-89.0,2,10,8,-34.91,-47.60,-63,54,0.00
-89.0,2,11,8,-33.59,-46.45,-68,64,0.00
-89.0,2,12,8,-32.34,-45.33,-79,73,0.00
-89.0,2,13,8,-32.33,-45.32,-78,74,0.00
-89.0,2,14,8,-32.32,-45.32,-78,73,0.00
-89.0,2,15,8,-32.33,-45.32,-77,79,0.00
-89.0,3,0,8,-46.64,-55.40,-22,16,0.00
-89.0,3,1,8,-45.31,-54.87,-23,18,0.00
-89.0,3,2,8,-43.44,-53.97,-27,23,0.00
-89.0,3,3,8,-41.80,-52.98,-32,26,0.00
-89.0,3,4,8,-40.37,-52.07,-35,31,0.00
-89.0,3,5,8,-38.99,-51.02,-41,33,0.00
-89.0,3,6,8,-37.56,-49.86,-45,41,0.00
-89.0,3,7,8,-36.11,-48.69,-58,48,0.00
-89.0,3,8,8,-34.73,-47.47,-61,61,0.00
-89.0,3,9,8,-33.27,-46.20,-79,69,0.00
-89.0,3,10,8,-31.83,-44.86,-82,80,0.00
-89.0,3,11,8,-30.51,-43.63,-99,91,0.00
-89.0,3,12,8,-29.25,-42.50,-110,113,0.00
-89.0,3,13,8,-29.25,-42.43,-111,109,0.00
-89.0,3,14,8,-29.27,-42.44,-106,100,0.00
-89.0,3,15,8,-29.24,-42.43,-107,105,0.00
-92.0,4,0,8,-47.65,-54.54,-24,17,0.00
-92.0,4,1,8,-46.33,-53.92,-23,20,0.00
-92.0,4,2,8,-44.46,-52.84,-29,24,0.00
-92.0,4,3,8,-42.82,-51.71,-32,26,0.00
-92.0,4,4,8,-41.41,-50.65,-36,32,0.00
-92.0,4,5,8,-40.03,-49.57,-44,37,0.00
-92.0,4,6,8,-38.61,-48.34,-50,43,0.00
-92.0,4,7,8,-37.16,-47.05,-57,51,0.00
-92.0,4,8,8,-35.75,-45.78,-65,59,0.00
-92.0,4,9,8,-34.31,-44.48,-74,69,0.00
-92.0,4,10,8,-32.85,-43.15,-87,82,0.00
-92.0,4,11,8,-31.56,-41.89,-101,94,0.00
-92.0,4,12,8,-30.30,-40.69,-121,107,0.00
-92.0,4,13,8,-30.29,-40.69,-114,115,0.00
-92.0,4,14,8,-30.30,-40.71,-132,108,0.00
-92.0,4,15,8,-30.31,-40.68,-117,117,0.00
-92.0,5,0,8,-45.94,-53.56,-24,20,0.00
-92.0,5,1,8,-44.64,-52.88,-27,24,0.00
-92.0,5,2,8,-42.76,-51.62,-32,27,0.00
-92.0,5,3,8,-41.10,-50.39,-37,33,0.00
-92.0,5,4,8,-39.69,-49.21,-43,39,0.00
-92.0,5,5,8,-38.31,-48.06,-51,49,0.00
-92.0,5,6,8,-36.88,-46.80,-59,52,0.00
-92.0,5,7,8,-35.42,-45.49,-75,61,0.00
-92.0,5,8,8,-34.04,-44.17,-79,72,0.00
-92.0,5,9,8,-32.59,-42.82,-97,85,0.00
-92.0,5,10,8,-31.15,-41.40,-106,103,0.00
-92.0,5,11,8,-29.82,-40.18,-118,112,0.00
-92.0,5,12,8,-28.57,-38.98,-139,137,0.00
-92.0,5,13,8,-28.57,-39.04,-138,135,0.00
-92.0,5,14,8,-28.57,-39.01,-151,133,0.00
-92.0,5,15,8,-28.57,-38.98,-137,148,0.00
-92.0,6,0,8,-42.93,-51.52,-33,29,0.00
-92.0,6,1,8,-41.61,-50.64,-36,33,0.00
-92.0,6,2,8,-39.74,-49.15,-44,37,0.00
-92.0,6,3,8,-38.10,-47.79,-52,48,0.00
-92.0,6,4,8,-36.69,-46.56,-64,53,0.00
-92.0,6,5,8,-35.30,-45.32,-66,65,0.00
-92.0,6,6,8,-33.88,-43.98,-77,72,0.00
-92.0,6,7,8,-32.42,-42.60,-96,90,0.00
-92.0,6,8,8,-31.02,-41.28,-104,103,0.00
-92.0,6,9,8,-29.58,-39.89,-140,123,0.00
-92.0,6,10,8,-28.12,-38.46,-145,143,0.00
-92.0,6,11,8,-26.81,-37.19,-177,175,0.00
-92.0,6,12,8,-25.55,-36.01,-197,192,0.00
-92.0,6,13,8,-25.55,-36.01,-208,199,0.00
-92.0,6,14,8,-25.54,-36.02,-205,190,0.00
-92.0,6,15,8,-25.55,-36.01,-195,193,0.00
-95.0,7,0,8,-42.85,-49.06,-38,32,0.00
-95.0,7,1,8,-41.52,-48.11,-43,40,0.00
-95.0,7,2,8,-39.65,-46.48,-51,48,0.00
-95.0,7,3,8,-37.99,-45.03,-63,57,0.00
-95.0,7,4,8,-36.58,-43.74,-71,67,0.00
-95.0,7,5,8,-35.21,-42.47,-84,78,0.00
-95.0,7,6,8,-33.80,-41.07,-92,92,0.00
-95.0,7,7,8,-32.36,-39.68,-122,116,0.00
-95.0,7,8,8,-30.92,-38.31,-124,127,0.00
-95.0,7,9,8,-29.48,-36.95,-146,145,0.00
-95.0,7,10,8,-28.03,-35.54,-188,207,0.00
-95.0,7,11,8,-26.72,-34.20,-210,198,0.00
-95.0,7,12,8,-25.46,-33.03,-247,260,0.00
-95.0,7,13,8,-25.45,-33.04,-258,241,0.00
-95.0,7,14,8,-25.45,-33.04,-249,240,0.00
-95.0,7,15,8,-25.46,-33.00,-255,236,0.00
-95.0,8,0,8,-39.63,-46.18,-52,47,0.00
-95.0,8,1,8,-38.31,-45.14,-65,56,0.00
-95.0,8,2,8,-36.45,-43.47,-73,67,0.00
-95.0,8,3,8,-34.81,-41.95,-88,81,0.00
-95.0,8,4,8,-33.41,-40.63,-98,94,0.00
-95.0,8,5,8,-32.03,-39.29,-120,113,0.00
-95.0,8,6,8,-30.58,-37.85,-146,128,0.00
-95.0,8,7,8,-29.15,-36.47,-158,156,0.00
-95.0,8,8,8,-27.75,-35.12,-189,183,0.00
-95.0,8,9,8,-26.28,-33.72,-243,230,0.00
-95.0,8,10,8,-24.85,-32.32,-268,269,0.00
-95.0,8,11,8,-23.53,-31.06,-313,297,0.00
-95.0,8,12,8,-22.27,-29.83,-349,338,0.00
-95.0,8,13,8,-22.27,-29.84,-355,352,0.00
-95.0,8,14,8,-22.27,-29.83,-353,360,0.00
-95.0,8,15,8,-22.26,-29.86,-365,334,0.00
-95.0,9,0,8,-38.13,-44.72,-69,56,0.00
-95.0,9,1,8,-36.79,-43.63,-75,62,0.00
-95.0,9,2,8,-34.94,-42.02,-86,81,0.00
-95.0,9,3,8,-33.30,-40.41,-104,105,0.00
-95.0,9,4,8,-31.91,-39.09,-120,119,0.00
-95.0,9,5,8,-30.52,-37.74,-134,133,0.00
-95.0,9,6,8,-29.07,-36.32,-162,170,0.00
-95.0,9,7,8,-27.62,-34.94,-191,185,0.00
-95.0,9,8,8,-26.21,-33.54,-217,217,0.00
-95.0,9,9,8,-24.76,-32.17,-269,280,0.00
-95.0,9,10,8,-23.30,-30.75,-329,303,0.00
-95.0,9,11,8,-21.96,-29.48,-351,397,0.00
-95.0,9,12,8,-20.71,-28.29,-401,404,0.00
-95.0,9,13,8,-20.73,-28.30,-473,425,0.00
-95.0,9,14,8,-20.72,-28.28,-420,431,0.00
-95.0,9,15,8,-20.73,-28.34,-398,422,0.00
-95.0,10,0,8,-37.51,-44.16,-71,64,0.00
-95.0,10,1,8,-36.18,-43.06,-72,73,0.00
-95.0,10,2,8,-34.34,-41.39,-102,89,0.00
-95.0,10,3,8,-32.67,-39.80,-118,110,0.00
-95.0,10,4,8,-31.30,-38.48,-138,123,0.00
-95.0,10,5,8,-29.92,-37.14,-150,152,0.00
-95.0,10,6,8,-28.44,-35.70,-163,178,0.00
-95.0,10,7,8,-27.01,-34.28,-210,210,0.00
-95.0,10,8,8,-25.61,-32.94,-251,270,0.00
-95.0,10,9,8,-24.12,-31.55,-309,278,0.00
-95.0,10,10,8,-22.70,-30.12,-358,330,0.00
-95.0,10,11,8,-21.38,-28.88,-395,415,0.00
-95.0,10,12,8,-20.10,-27.70,-442,452,0.00
-95.0,10,13,8,-20.11,-27.69,-433,437,0.00
-95.0,10,14,8,-20.12,-27.68,-480,479,0.00
-95.0,10,15,8,-20.11,-27.71,-454,459,0.00
-95.0,11,0,8,-36.91,-43.55,-78,66,0.00
-95.0,11,1,8,-35.59,-42.50,-82,76,0.00
-95.0,11,2,8,-33.74,-40.81,-103,95,0.00
-95.0,11,3,8,-32.09,-39.22,-123,109,0.00
-95.0,11,4,8,-30.66,-37.88,-150,141,0.00
-95.0,11,5,8,-29.30,-36.53,-159,152,0.00
-95.0,11,6,8,-27.86,-35.12,-191,181,0.00
-95.0,11,7,8,-26.42,-33.69,-226,221,0.00
-95.0,11,8,8,-25.01,-32.37,-264,267,0.00
-95.0,11,9,8,-23.57,-30.99,-302,307,0.00
-95.0,11,10,8,-22.11,-29.57,-371,353,0.00
-95.0,11,11,8,-20.80,-28.31,-441,426,0.00
-95.0,11,12,8,-19.54,-27.12,-474,524,0.00
-95.0,11,13,8,-19.55,-27.13,-471,493,0.00
-95.0,11,14,8,-19.53,-27.07,-480,525,0.00
-95.0,11,15,8,-19.51,-27.09,-494,475,0.00
-95.0,12,0,8,-36.12,-42.78,-80,74,0.00
-95.0,12,1,8,-34.81,-41.74,-86,84,0.00
-95.0,12,2,8,-32.98,-40.01,-104,102,0.00
-95.0,12,3,8,-31.30,-38.44,-126,122,0.00
-95.0,12,4,8,-29.88,-37.06,-147,152,0.00
-95.0,12,5,8,-28.51,-35.74,-184,168,0.00
-95.0,12,6,8,-27.08,-34.33,-226,196,0.00
-95.0,12,7,8,-25.66,-32.94,-254,242,0.00
-95.0,12,8,8,-24.24,-31.58,-282,286,0.00
-95.0,12,9,8,-22.78,-30.15,-355,352,0.00
-95.0,12,10,8,-21.30,-28.73,-438,394,0.00
-95.0,12,11,8,-20.00,-27.51,-449,481,0.00
-95.0,12,12,8,-18.71,-26.30,-510,521,0.00
-95.0,12,13,8,-18.72,-26.30,-527,540,0.00
-95.0,12,14,8,-18.73,-26.30,-626,566,0.00
-95.0,12,15,8,-18.74,-26.30,-567,522,0.00
-95.0,13,0,8,-36.05,-42.73,-74,72,0.00
-95.0,13,1,8,-34.74,-41.64,-94,89,0.00
-95.0,13,2,8,-32.86,-39.91,-104,105,0.00
-95.0,13,3,8,-31.23,-38.36,-131,126,0.00
-95.0,13,4,8,-29.83,-36.98,-157,172,0.00
-95.0,13,5,8,-28.44,-35.63,-185,177,0.00
-95.0,13,6,8,-26.99,-34.23,-201,201,0.00
-95.0,13,7,8,-25.54,-32.85,-236,240,0.00
-95.0,13,8,8,-24.15,-31.48,-284,320,0.00
-95.0,13,9,8,-22.70,-30.09,-340,336,0.00
-95.0,13,10,8,-21.23,-28.66,-382,414,0.00
-95.0,13,11,8,-19.93,-27.40,-460,436,0.00
-95.0,13,12,8,-18.69,-26.22,-518,542,0.00
-95.0,13,13,8,-18.67,-26.22,-556,516,0.00
-95.0,13,14,8,-18.66,-26.22,-548,535,0.00
-95.0,13,15,8,-18.67,-26.22,-551,527,0.00
-95.0,14,0,8,-34.72,-41.42,-89,87,0.00
-95.0,14,1,8,-33.40,-40.33,-106,104,0.00
-95.0,14,2,8,-31.55,-38.59,-123,144,0.00
-95.0,14,3,8,-29.92,-37.03,-153,150,0.00
-95.0,14,4,8,-28.48,-35.70,-169,175,0.00
-95.0,14,5,8,-27.10,-34.33,-220,205,0.00
-95.0,14,6,8,-25.67,-32.89,-239,237,0.00
-95.0,14,7,8,-24.22,-31.53,-298,288,0.00
-95.0,14,8,8,-22.80,-30.16,-352,329,0.00
-95.0,14,9,8,-21.36,-28.77,-374,386,0.00
-95.0,14,10,8,-19.92,-27.33,-479,523,0.00
-95.0,14,11,8,-18.59,-26.08,-569,557,0.00
-95.0,14,12,8,-17.33,-24.90,-663,618,0.00
-95.0,14,13,8,-17.32,-24.88,-648,659,0.00
-95.0,14,14,8,-17.32,-24.90,-652,602,0.00
-95.0,14,15,8,-17.32,-24.87,-639,612,0.00
-95.0,15,0,8,-34.14,-40.85,-106,101,0.00
-95.0,15,1,8,-32.86,-39.76,-111,100,0.00
-95.0,15,2,8,-30.97,-38.00,-127,133,0.00
-95.0,15,3,8,-29.32,-36.46,-156,160,0.00
-95.0,15,4,8,-27.91,-35.11,-187,187,0.00
-95.0,15,5,8,-26.54,-33.74,-229,228,0.00
-95.0,15,6,8,-25.08,-32.32,-277,271,0.00
-95.0,15,7,8,-23.65,-30.94,-341,311,0.00
-95.0,15,8,8,-22.24,-29.57,-367,366,0.00
-95.0,15,9,8,-20.79,-28.20,-418,415,0.00
-95.0,15,10,8,-19.34,-26.76,-497,501,0.00
-95.0,15,11,8,-18.02,-25.52,-604,576,0.00
-95.0,15,12,8,-16.79,-24.32,-670,693,0.00
-95.0,15,13,8,-16.77,-24.34,-683,644,0.00
-95.0,15,14,8,-16.75,-24.34,-685,666,0.00
-95.0,15,15,8,-16.76,-24.32,-691,690,0.00
dBm,LNA,MIX,VGA,signal,noise,adc_min,adc_max,above_threshold
-83.0,0,0,9,-47.75,-54.44,-22,17,0.00
-83.0,0,1,9,-46.44,-54.32,-22,18,0.00
-83.0,0,2,9,-44.58,-54.04,-26,20,0.00
-83.0,0,3,9,-42.91,-53.76,-28,22,0.00
-83.0,0,4,9,-41.52,-53.39,-31,26,0.00
-83.0,0,5,9,-40.15,-53.02,-33,28,0.00
-83.0,0,6,9,-38.70,-52.48,-35,31,0.00
-83.0,0,7,9,-37.27,-51.86,-42,40,0.00
-83.0,0,8,9,-35.86,-51.12,-47,43,0.00
-83.0,0,9,9,-34.43,-50.27,-55,50,0.00
-83.0,0,10,9,-32.97,-49.36,-62,57,0.00
-83.0,0,11,9,-31.67,-48.36,-75,69,0.00
-83.0,0,12,9,-30.40,-47.43,-80,76,0.00
-83.0,0,13,9,-30.41,-47.42,-79,76,0.00
-83.0,0,14,9,-30.41,-47.37,-80,74,0.00
-83.0,0,15,9,-30.41,-47.42,-79,77,0.00
-86.0,1,0,9,-47.29,-54.12,-22,18,0.00
-86.0,1,1,9,-45.97,-53.88,-24,19,0.00
-86.0,1,2,9,-44.10,-53.50,-27,21,0.00
-86.0,1,3,9,-42.45,-53.05,-29,25,0.00
-86.0,1,4,9,-41.04,-52.55,-33,27,0.00
-86.0,1,5,9,-39.66,-51.96,-36,32,0.00
-86.0,1,6,9,-38.22,-51.22,-39,37,0.00
-86.0,1,7,9,-36.78,-50.35,-48,43,0.00
-86.0,1,8,9,-35.37,-49.44,-51,46,0.00
-86.0,1,9,9,-33.94,-48.44,-59,54,0.00
-86.0,1,10,9,-32.48,-47.31,-72,63,0.00
-86.0,1,11,9,-31.18,-46.20,-84,80,0.00
-86.0,1,12,9,-29.92,-45.13,-92,85,0.00
-86.0,1,13,9,-29.92,-45.17,-93,87,0.00
-86.0,1,14,9,-29.93,-45.18,-95,91,0.00
-86.0,1,15,9,-29.92,-45.15,-92,87,0.00
-89.0,2,0,9,-46.31,-53.39,-24,20,0.00
-89.0,2,1,9,-45.00,-52.97,-26,21,0.00
-89.0,2,2,9,-43.14,-52.28,-30,24,0.00
-89.0,2,3,9,-41.49,-51.52,-36,29,0.00
-89.0,2,4,9,-40.07,-50.77,-39,34,0.00
-89.0,2,5,9,-38.70,-49.89,-44,39,0.00
-89.0,2,6,9,-37.25,-48.87,-49,43,0.00
-89.0,2,7,9,-35.83,-47.80,-55,51,0.00
-89.0,2,8,9,-34.42,-46.68,-63,59,0.00
-89.0,2,9,9,-32.97,-45.47,-76,71,0.00
-89.0,2,10,9,-31.51,-44.19,-89,88,0.00
-89.0,2,11,9,-30.20,-42.99,-99,104,0.00
-89.0,2,12,9,-28.95,-41.85,-118,122,0.00
-89.0,2,13,9,-28.96,-41.87,-114,109,0.00
-89.0,2,14,9,-28.95,-41.86,-120,117,0.00
-89.0,2,15,9,-28.96,-41.85,-113,109,0.00
-92.0,3,0,9,-46.14,-52.26,-26,22,0.00
-92.0,3,1,9,-44.83,-51.72,-28,26,0.00
-92.0,3,2,9,-42.98,-50.73,-32,30,0.00
-92.0,3,3,9,-41.31,-49.72,-38,33,0.00
-92.0,3,4,9,-39.89,-48.79,-42,39,0.00
-92.0,3,5,9,-38.52,-47.70,-47,46,0.00
-92.0,3,6,9,-37.09,-46.57,-58,56,0.00
-92.0,3,7,9,-35.64,-45.33,-70,64,0.00
-92.0,3,8,9,-34.24,-44.07,-77,73,0.00
-92.0,3,9,9,-32.80,-42.76,-86,82,0.00
-92.0,3,10,9,-31.34,-41.44,-106,105,0.00
-92.0,3,11,9,-30.04,-40.20,-124,119,0.00
-92.0,3,12,9,-28.78,-39.00,-145,132,0.00
-92.0,3,13,9,-28.79,-39.03,-146,130,0.00
-92.0,3,14,9,-28.78,-39.06,-143,139,0.00
-92.0,3,15,9,-28.76,-39.06,-134,133,0.00
-92.0,4,0,9,-44.29,-51.39,-29,25,0.00
-92.0,4,1,9,-42.98,-50.68,-35,29,0.00
-92.0,4,2,9,-41.11,-49.57,-39,34,0.00
-92.0,4,3,9,-39.45,-48.39,-44,42,0.00
-92.0,4,4,9,-38.06,-47.30,-48,48,0.00
-92.0,4,5,9,-36.68,-46.20,-57,54,0.00
-92.0,4,6,9,-35.25,-44.99,-68,63,0.00
-92.0,4,7,9,-33.80,-43.65,-81,74,0.00
-92.0,4,8,9,-32.40,-42.38,-94,89,0.00
-92.0,4,9,9,-30.96,-41.04,-107,100,0.00
-92.0,4,10,9,-29.52,-39.66,-133,127,0.00
-92.0,4,11,9,-28.19,-38.43,-149,149,0.00
-92.0,4,12,9,-26.93,-37.22,-162,159,0.00
-92.0,4,13,9,-26.94,-37.22,-170,180,0.00
-92.0,4,14,9,-26.93,-37.24,-201,169,0.00
-92.0,4,15,9,-26.92,-37.23,-170,159,0.00
-92.0,5,0,9,-42.59,-50.38,-36,34,0.00
-92.0,5,1,9,-41.26,-49.57,-38,34,0.00
-92.0,5,2,9,-39.38,-48.29,-46,41,0.00
-92.0,5,3,9,-37.73,-47.04,-52,51,0.00
-92.0,5,4,9,-36.33,-45.86,-63,58,0.00
-92.0,5,5,9,-34.97,-44.70,-69,69,0.00
-92.0,5,6,9,-33.53,-43.39,-82,81,0.00
-92.0,5,7,9,-32.10,-42.11,-98,90,0.00
-92.0,5,8,9,-30.66,-40.75,-119,103,0.00
-92.0,5,9,9,-29.24,-39.38,-127,129,0.00
-92.0,5,10,9,-27.78,-37.99,-164,146,0.00
-92.0,5,11,9,-26.47,-36.76,-185,171,0.00
-92.0,5,12,9,-25.20,-35.54,-195,218,0.00
-92.0,5,13,9,-25.20,-35.53,-202,200,0.00
-92.0,5,14,9,-25.19,-35.54,-214,213,0.00
-92.0,5,15,9,-25.20,-35.57,-213,206,0.00
-92.0,6,0,9,-39.55,-48.21,-45,41,0.00
-92.0,6,1,9,-38.23,-47.33,-49,47,0.00
-92.0,6,2,9,-36.36,-45.83,-61,57,0.00
-92.0,6,3,9,-34.73,-44.41,-74,72,0.00
-92.0,6,4,9,-33.34,-43.16,-82,80,0.00
-92.0,6,5,9,-31.96,-41.89,-101,91,0.00
-92.0,6,6,9,-30.51,-40.51,-114,111,0.00
-92.0,6,7,9,-29.07,-39.13,-137,134,0.00
-92.0,6,8,9,-27.68,-37.79,-170,150,0.00
-92.0,6,9,9,-26.22,-36.40,-180,181,0.00
-92.0,6,10,9,-24.76,-35.01,-220,213,0.00
-92.0,6,11,9,-23.45,-33.74,-246,258,0.00
-92.0,6,12,9,-22.20,-32.59,-296,292,0.00
-92.0,6,13,9,-22.19,-32.58,-298,293,0.00
-92.0,6,14,9,-22.19,-32.57,-317,312,0.00
-92.0,6,15,9,-22.19,-32.57,-293,292,0.00
-95.0,7,0,9,-39.52,-45.74,-56,49,0.00
-95.0,7,1,9,-38.20,-44.72,-61,59,0.00
-95.0,7,2,9,-36.33,-43.11,-80,68,0.00
-95.0,7,3,9,-34.69,-41.61,-95,85,0.00
-95.0,7,4,9,-33.29,-40.34,-104,99,0.00
-95.0,7,5,9,-31.93,-39.02,-117,119,0.00
-95.0,7,6,9,-30.48,-37.62,-139,156,0.00
-95.0,7,7,9,-29.03,-36.24,-161,157,0.00
-95.0,7,8,9,-27.62,-34.89,-202,183,0.00
-95.0,7,9,9,-26.18,-33.48,-240,229,0.00
-95.0,7,10,9,-24.72,-32.05,-281,270,0.00
-95.0,7,11,9,-23.38,-30.82,-317,308,0.00
-95.0,7,12,9,-22.14,-29.61,-371,351,0.00
-95.0,7,13,9,-22.13,-29.62,-351,355,0.00
-95.0,7,14,9,-22.13,-29.63,-375,382,0.00
-95.0,7,15,9,-22.14,-29.61,-344,370,0.00
-95.0,8,0,9,-36.30,-42.77,-78,73,0.00
-95.0,8,1,9,-34.99,-41.74,-95,88,0.00
-95.0,8,2,9,-33.15,-40.05,-111,101,0.00
-95.0,8,3,9,-31.50,-38.52,-120,123,0.00
-95.0,8,4,9,-30.08,-37.15,-149,142,0.00
-95.0,8,5,9,-28.72,-35.84,-172,170,0.00
-95.0,8,6,9,-27.25,-34.46,-214,200,0.00
-95.0,8,7,9,-25.84,-33.04,-227,244,0.00
-95.0,8,8,9,-24.41,-31.68,-281,293,0.00
-95.0,8,9,9,-22.96,-30.29,-317,342,0.00
-95.0,8,10,9,-21.51,-28.88,-422,411,0.00
-95.0,8,11,9,-20.21,-27.59,-432,476,0.00
-95.0,8,12,9,-18.93,-26.44,-615,603,0.00
-95.0,8,13,9,-18.93,-26.42,-513,530,0.00
-95.0,8,14,9,-18.95,-26.43,-555,568,0.00
-95.0,8,15,9,-18.95,-26.45,-530,514,0.00
-95.0,9,0,9,-34.77,-41.32,-93,87,0.00
-95.0,9,1,9,-33.47,-40.25,-109,106,0.00
-95.0,9,2,9,-31.60,-38.52,-128,132,0.00
-95.0,9,3,9,-29.96,-36.97,-155,150,0.00
-95.0,9,4,9,-28.56,-35.60,-201,170,0.00
-95.0,9,5,9,-27.18,-34.29,-221,204,0.00
-95.0,9,6,9,-25.72,-32.87,-245,232,0.00
-95.0,9,7,9,-24.30,-31.50,-287,285,0.00
-95.0,9,8,9,-22.90,-30.14,-345,334,0.00
-95.0,9,9,9,-21.43,-28.77,-373,397,0.00
-95.0,9,10,9,-19.99,-27.35,-462,440,0.00
-95.0,9,11,9,-18.67,-26.10,-623,558,0.00
-95.0,9,12,9,-17.42,-24.88,-617,620,0.00
-95.0,9,13,9,-17.40,-24.88,-635,724,0.00
-95.0,9,14,9,-17.42,-24.87,-647,654,0.00
-95.0,9,15,9,-17.41,-24.90,-614,657,0.00
-95.0,10,0,9,-34.21,-40.74,-91,96,0.00
-95.0,10,1,9,-32.89,-39.66,-121,112,0.00
-95.0,10,2,9,-31.02,-37.92,-139,129,0.00
-95.0,10,3,9,-29.37,-36.38,-160,165,0.00
-95.0,10,4,9,-27.94,-35.04,-185,199,0.00
-95.0,10,5,9,-26.60,-33.71,-230,215,0.00
-95.0,10,6,9,-25.13,-32.27,-260,257,0.00
-95.0,10,7,9,-23.66,-30.90,-324,315,0.00
-95.0,10,8,9,-22.28,-29.51,-373,370,0.00
-95.0,10,9,9,-20.84,-28.12,-450,429,0.00
-95.0,10,10,9,-19.35,-26.75,-518,496,0.00
-95.0,10,11,9,-18.04,-25.50,-593,571,0.00
-95.0,10,12,9,-16.79,-24.27,-661,629,0.00
-95.0,10,13,9,-16.80,-24.26,-678,658,0.00
-95.0,10,14,9,-16.80,-24.29,-749,645,0.00
-95.0,10,15,9,-16.82,-24.28,-662,655,0.00
-95.0,11,0,9,-33.63,-40.13,-101,96,0.00
-95.0,11,1,9,-32.29,-39.12,-117,117,0.00
-95.0,11,2,9,-30.43,-37.34,-146,146,0.00
-95.0,11,3,9,-28.78,-35.79,-181,172,0.00
-95.0,11,4,9,-27.38,-34.47,-192,222,0.00
-95.0,11,5,9,-26.01,-33.11,-251,236,0.00
-95.0,11,6,9,-24.55,-31.70,-293,285,0.00
-95.0,11,7,9,-23.12,-30.30,-348,337,0.00
-95.0,11,8,9,-21.71,-28.94,-386,407,0.00
-95.0,11,9,9,-20.26,-27.54,-460,464,0.00
-95.0,11,10,9,-18.81,-26.14,-530,559,0.00
-95.0,11,11,9,-17.48,-24.92,-687,717,0.00
-95.0,11,12,9,-16.23,-23.69,-717,711,0.00
-95.0,11,13,9,-16.22,-23.68,-787,740,0.00
-95.0,11,14,9,-16.24,-23.68,-721,758,0.00
-95.0,11,15,9,-16.23,-23.68,-757,692,0.00
-95.0,12,0,9,-32.82,-39.39,-119,108,0.00
-95.0,12,1,9,-31.51,-38.30,-128,135,0.00
-95.0,12,2,9,-29.66,-36.57,-149,154,0.00
-95.0,12,3,9,-27.99,-34.99,-205,186,0.00
-95.0,12,4,9,-26.58,-33.67,-246,214,0.00
-95.0,12,5,9,-25.22,-32.36,-255,253,0.00
-95.0,12,6,9,-23.76,-30.91,-320,309,0.00
-95.0,12,7,9,-22.32,-29.53,-350,352,0.00
-95.0,12,8,9,-20.90,-28.14,-413,418,0.00
-95.0,12,9,9,-19.47,-26.80,-503,530,0.00
-95.0,12,10,9,-18.02,-25.37,-557,599,0.00
-95.0,12,11,9,-16.68,-24.09,-752,675,0.00
-95.0,12,12,9,-15.43,-22.90,-834,761,0.00
-95.0,12,13,9,-15.42,-22.90,-775,785,0.00
-95.0,12,14,9,-15.43,-22.90,-782,837,0.00
-95.0,12,15,9,-15.45,-22.92,-773,852,0.00
-95.0,13,0,9,-32.73,-39.28,-111,120,0.00
-95.0,13,1,9,-31.45,-38.21,-136,131,0.00
-95.0,13,2,9,-29.57,-36.54,-172,155,0.00
-95.0,13,3,9,-27.93,-34.90,-193,186,0.00
-95.0,13,4,9,-26.53,-33.57,-233,232,0.00
-95.0,13,5,9,-25.15,-32.25,-262,277,0.00
-95.0,13,6,9,-23.69,-30.85,-303,315,0.00
-95.0,13,7,9,-22.25,-29.45,-382,375,0.00
-95.0,13,8,9,-20.87,-28.10,-431,409,0.00
-95.0,13,9,9,-19.41,-26.71,-506,473,0.00
-95.0,13,10,9,-17.93,-25.26,-594,621,0.00
-95.0,13,11,9,-16.63,-24.02,-668,716,0.00
-95.0,13,12,9,-15.37,-22.83,-820,747,0.00
-95.0,13,13,9,-15.36,-22.83,-736,776,0.00
-95.0,13,14,9,-15.36,-22.83,-785,801,0.00
-95.0,13,15,9,-15.39,-22.86,-826,758,0.00
-95.0,14,0,9,-31.46,-37.97,-135,130,0.00
-95.0,14,1,9,-30.13,-36.92,-159,141,0.00
-95.0,14,2,9,-28.26,-35.17,-183,190,0.00
-95.0,14,3,9,-26.62,-33.60,-226,219,0.00
-95.0,14,4,9,-25.23,-32.24,-269,257,0.00
-95.0,14,5,9,-23.82,-30.93,-300,305,0.00
-95.0,14,6,9,-22.38,-29.54,-370,368,0.00
-95.0,14,7,9,-20.94,-28.14,-413,443,0.00
-95.0,14,8,9,-19.52,-26.77,-511,491,0.00
-95.0,14,9,9,-18.11,-25.40,-578,571,0.00
-95.0,14,10,9,-16.64,-23.99,-690,684,0.00
-95.0,14,11,9,-15.31,-22.70,-810,779,0.00
-95.0,14,12,9,-14.05,-21.49,-879,944,0.00
-95.0,14,13,9,-14.04,-21.48,-918,909,0.00
-95.0,14,14,9,-14.07,-21.53,-919,894,0.00
-95.0,14,15,9,-14.06,-21.49,-944,936,0.00
-95.0,15,0,9,-30.90,-37.44,-134,148,0.00
-95.0,15,1,9,-29.60,-36.35,-173,176,0.00
-95.0,15,2,9,-27.74,-34.63,-228,214,0.00
-95.0,15,3,9,-26.06,-33.06,-237,234,0.00
-95.0,15,4,9,-24.67,-31.71,-283,281,0.00
-95.0,15,5,9,-23.28,-30.40,-337,337,0.00
-95.0,15,6,9,-21.85,-28.98,-401,376,0.00
-95.0,15,7,9,-20.39,-27.60,-483,461,0.00
-95.0,15,8,9,-19.00,-26.22,-496,540,0.00
-95.0,15,9,9,-17.55,-24.83,-585,601,0.00
-95.0,15,10,9,-16.10,-23.41,-742,726,0.00
-95.0,15,11,9,-14.75,-22.15,-870,1047,0.00
-95.0,15,12,9,-13.50,-20.97,-938,1059,0.00
-95.0,15,13,9,-13.49,-20.95,-1078,1012,0.00
-95.0,15,14,9,-13.52,-20.93,-959,998,0.00
-95.0,15,15,9,-13.52,-20.96,-949,986,0.00
dBm,LNA,MIX,VGA,signal,noise,adc_min,adc_max,above_threshold
-83.0,0,0,10,-44.38,-51.26,-28,28,0.00
-83.0,0,1,10,-43.07,-51.09,-31,28,0.00
-83.0,0,2,10,-41.20,-50.83,-34,30,0.00
-83.0,0,3,10,-39.53,-50.55,-39,36,0.00
-83.0,0,4,10,-38.15,-50.21,-43,39,0.00
-83.0,0,5,10,-36.77,-49.77,-47,43,0.00
-83.0,0,6,10,-35.33,-49.25,-54,50,0.00
-83.0,0,7,10,-33.90,-48.60,-60,54,0.00
-83.0,0,8,10,-32.49,-47.89,-66,65,0.00
-83.0,0,9,10,-31.06,-46.98,-79,77,0.00
-83.0,0,10,10,-29.59,-45.97,-89,89,0.00
-83.0,0,11,10,-28.28,-45.05,-100,97,0.00
-83.0,0,12,10,-27.03,-44.08,-115,112,0.00
-83.0,0,13,10,-27.03,-44.11,-116,113,0.00
-83.0,0,14,10,-27.02,-44.07,-116,111,0.00
-83.0,0,15,10,-27.03,-44.08,-118,112,0.00
-86.0,1,0,10,-43.92,-50.93,-31,27,0.00
-86.0,1,1,10,-42.57,-50.66,-33,30,0.00
-86.0,1,2,10,-40.71,-50.31,-35,37,0.00
-86.0,1,3,10,-39.07,-49.82,-41,36,0.00
-86.0,1,4,10,-37.66,-49.30,-44,44,0.00
-86.0,1,5,10,-36.29,-48.69,-50,47,0.00
-86.0,1,6,10,-34.84,-47.98,-57,54,0.00
-86.0,1,7,10,-33.40,-47.13,-68,62,0.00
-86.0,1,8,10,-32.00,-46.16,-76,72,0.00
-86.0,1,9,10,-30.58,-45.06,-86,82,0.00
-86.0,1,10,10,-29.11,-43.97,-102,98,0.00
-86.0,1,11,10,-27.80,-42.87,-115,119,0.00
-86.0,1,12,10,-26.54,-41.80,-139,135,0.00
-86.0,1,13,10,-26.53,-41.81,-140,136,0.00
-86.0,1,14,10,-26.53,-41.80,-133,128,0.00
-86.0,1,15,10,-26.53,-41.84,-132,136,0.00
-89.0,2,0,10,-42.93,-50.14,-36,32,0.00
-89.0,2,1,10,-41.58,-49.74,-36,34,0.00
-89.0,2,2,10,-39.75,-49.01,-42,40,0.00
-89.0,2,3,10,-38.07,-48.28,-49,42,0.00
-89.0,2,4,10,-36.68,-47.46,-52,51,0.00
-89.0,2,5,10,-35.31,-46.62,-61,58,0.00
-89.0,2,6,10,-33.86,-45.63,-70,68,0.00
-89.0,2,7,10,-32.43,-44.48,-85,79,0.00
-89.0,2,8,10,-31.03,-43.36,-96,89,0.00
-89.0,2,9,10,-29.58,-42.10,-111,108,0.00
-89.0,2,10,10,-28.12,-40.82,-126,130,0.00
-89.0,2,11,10,-26.81,-39.66,-143,142,0.00
-89.0,2,12,10,-25.55,-38.51,-174,169,0.00
-89.0,2,13,10,-25.55,-38.47,-172,161,0.00
-89.0,2,14,10,-25.55,-38.49,-171,180,0.00
-89.0,2,15,10,-25.55,-38.48,-167,164,0.00
-92.0,3,0,10,-42.72,-49.02,-38,34,0.00
-92.0,3,1,10,-41.38,-48.47,-39,35,0.00
-92.0,3,2,10,-39.53,-47.45,-47,43,0.00
-92.0,3,3,10,-37.87,-46.47,-56,53,0.00
-92.0,3,4,10,-36.51,-45.43,-61,57,0.00
-92.0,3,5,10,-35.13,-44.42,-72,67,0.00
-92.0,3,6,10,-33.67,-43.22,-83,77,0.00
-92.0,3,7,10,-32.25,-41.97,-94,92,0.00
-92.0,3,8,10,-30.85,-40.72,-113,112,0.00
-92.0,3,9,10,-29.39,-39.39,-129,124,0.00
-92.0,3,10,10,-27.94,-38.06,-149,148,0.00
-92.0,3,11,10,-26.63,-36.85,-182,179,0.00
-92.0,3,12,10,-25.35,-35.66,-216,195,0.00
-92.0,3,13,10,-25.35,-35.65,-208,218,0.00
-92.0,3,14,10,-25.35,-35.65,-206,200,0.00
-92.0,3,15,10,-25.35,-35.68,-202,204,0.00
-92.0,4,0,10,-40.88,-48.11,-43,41,0.00
-92.0,4,1,10,-39.55,-47.44,-46,42,0.00
-92.0,4,2,10,-37.69,-46.25,-58,52,0.00
-92.0,4,3,10,-36.04,-45.08,-68,65,0.00
-92.0,4,4,10,-34.66,-44.03,-74,68,0.00
-92.0,4,5,10,-33.28,-42.87,-84,82,0.00
-92.0,4,6,10,-31.81,-41.58,-99,102,0.00
-92.0,4,7,10,-30.38,-40.34,-114,120,0.00
-92.0,4,8,10,-28.99,-39.02,-137,134,0.00
-92.0,4,9,10,-27.55,-37.66,-161,160,0.00
-92.0,4,10,10,-26.08,-36.32,-183,182,0.00
-92.0,4,11,10,-24.76,-35.08,-215,217,0.00
-92.0,4,12,10,-23.51,-33.88,-247,250,0.00
-92.0,4,13,10,-23.50,-33.88,-236,252,0.00
-92.0,4,14,10,-23.50,-33.88,-254,242,0.00
-92.0,4,15,10,-23.51,-33.87,-248,254,0.00
-92.0,5,0,10,-39.14,-47.09,-49,46,0.00
-92.0,5,1,10,-37.83,-46.34,-59,52,0.00
-92.0,5,2,10,-35.98,-45.00,-65,64,0.00
-92.0,5,3,10,-34.31,-43.73,-78,72,0.00
-92.0,5,4,10,-32.92,-42.57,-86,90,0.00
-92.0,5,5,10,-31.54,-41.35,-110,98,0.00
-92.0,5,6,10,-30.10,-40.02,-120,119,0.00
-92.0,5,7,10,-28.66,-38.71,-137,144,0.00
-92.0,5,8,10,-27.26,-37.39,-170,157,0.00
-92.0,5,9,10,-25.81,-35.99,-208,207,0.00
-92.0,5,10,10,-24.35,-34.65,-241,230,0.00
-92.0,5,11,10,-23.04,-33.40,-262,258,0.00
-92.0,5,12,10,-21.78,-32.23,-321,319,0.00
-92.0,5,13,10,-21.77,-32.20,-327,297,0.00
-92.0,5,14,10,-21.79,-32.24,-305,288,0.00
-92.0,5,15,10,-21.79,-32.21,-306,306,0.00
-92.0,6,0,10,-36.14,-44.88,-65,62,0.00
-92.0,6,1,10,-34.82,-44.01,-69,68,0.00
-92.0,6,2,10,-32.96,-42.49,-91,87,0.00
-92.0,6,3,10,-31.32,-41.11,-102,108,0.00
-92.0,6,4,10,-29.92,-39.82,-121,117,0.00
-92.0,6,5,10,-28.56,-38.56,-144,142,0.00
-92.0,6,6,10,-27.11,-37.19,-169,172,0.00
-92.0,6,7,10,-25.65,-35.81,-196,197,0.00
-92.0,6,8,10,-24.25,-34.46,-229,222,0.00
-92.0,6,9,10,-22.81,-33.10,-270,280,0.00
-92.0,6,10,10,-21.34,-31.72,-323,372,0.00
-92.0,6,11,10,-20.03,-30.46,-363,355,0.00
-92.0,6,12,10,-18.77,-29.30,-429,455,0.00
-92.0,6,13,10,-18.77,-29.25,-433,433,0.00
-92.0,6,14,10,-18.78,-29.27,-421,439,0.00
-92.0,6,15,10,-18.78,-29.31,-419,396,0.00
-95.0,7,0,10,-36.06,-42.39,-90,84,0.00
-95.0,7,1,10,-34.76,-41.44,-95,99,0.00
-95.0,7,2,10,-32.92,-39.78,-109,106,0.00
-95.0,7,3,10,-31.24,-38.28,-147,132,0.00
-95.0,7,4,10,-29.87,-36.97,-151,147,0.00
-95.0,7,5,10,-28.48,-35.67,-175,174,0.00
-95.0,7,6,10,-27.01,-34.28,-208,211,0.00
-95.0,7,7,10,-25.58,-32.87,-264,265,0.00
-95.0,7,8,10,-24.17,-31.54,-289,280,0.00
-95.0,7,9,10,-22.73,-30.16,-330,333,0.00
-95.0,7,10,10,-21.26,-28.76,-384,403,0.00
-95.0,7,11,10,-19.95,-27.51,-433,496,0.00
-95.0,7,12,10,-18.68,-26.34,-520,560,0.00
-95.0,7,13,10,-18.69,-26.31,-558,550,0.00
-95.0,7,14,10,-18.69,-26.33,-555,493,0.00
-95.0,7,15,10,-18.69,-26.28,-509,528,0.00
-95.0,8,0,10,-32.88,-39.48,-115,119,0.00
-95.0,8,1,10,-31.55,-38.40,-131,125,0.00
-95.0,8,2,10,-29.68,-36.71,-154,152,0.00
-95.0,8,3,10,-28.07,-35.15,-195,179,0.00
-95.0,8,4,10,-26.65,-33.82,-233,211,0.00
-95.0,8,5,10,-25.26,-32.48,-259,258,0.00
-95.0,8,6,10,-23.81,-31.11,-292,296,0.00
-95.0,8,7,10,-22.37,-29.74,-355,338,0.00
-95.0,8,8,10,-20.97,-28.35,-419,414,0.00
-95.0,8,9,10,-19.52,-26.97,-476,461,0.00
-95.0,8,10,10,-18.07,-25.60,-583,592,0.00
-95.0,8,11,10,-16.74,-24.30,-655,651,0.00
-95.0,8,12,10,-15.49,-23.12,-773,741,0.00
-95.0,8,13,10,-15.50,-23.14,-803,764,0.00
-95.0,8,14,10,-15.49,-23.11,-775,809,0.00
-95.0,8,15,10,-15.48,-23.11,-734,805,0.00
-95.0,9,0,10,-31.34,-37.95,-142,139,0.00
-95.0,9,1,10,-30.01,-36.86,-168,148,0.00
-95.0,9,2,10,-28.16,-35.18,-186,187,0.00
-95.0,9,3,10,-26.49,-33.58,-220,228,0.00
-95.0,9,4,10,-25.10,-32.31,-261,262,0.00
-95.0,9,5,10,-23.71,-30.97,-302,300,0.00
-95.0,9,6,10,-22.27,-29.55,-358,354,0.00
-95.0,9,7,10,-20.84,-28.19,-395,432,0.00
-95.0,9,8,10,-19.41,-26.80,-523,493,0.00
-95.0,9,9,10,-17.98,-25.41,-575,561,0.00
-95.0,9,10,10,-16.53,-24.03,-761,720,0.00
-95.0,9,11,10,-15.21,-22.75,-777,836,0.00
-95.0,9,12,10,-13.94,-21.55,-1001,896,0.00
-95.0,9,13,10,-13.94,-21.53,-939,959,0.00
-95.0,9,14,10,-13.95,-21.56,-883,912,0.00
-95.0,9,15,10,-13.96,-21.54,-915,944,0.00
-95.0,10,0,10,-30.72,-37.40,-157,148,0.00
-95.0,10,1,10,-29.42,-36.29,-157,161,0.00
-95.0,10,2,10,-27.55,-34.60,-196,200,0.00
-95.0,10,3,10,-25.91,-33.04,-237,236,0.00
-95.0,10,4,10,-24.49,-31.69,-291,281,0.00
-95.0,10,5,10,-23.13,-30.39,-342,327,0.00
-95.0,10,6,10,-21.68,-28.97,-377,413,0.00
-95.0,10,7,10,-20.23,-27.58,-442,437,0.00
-95.0,10,8,10,-18.84,-26.21,-558,530,0.00
-95.0,10,9,10,-17.38,-24.82,-593,646,0.00
-95.0,10,10,10,-15.92,-23.44,-730,725,0.00
-95.0,10,11,10,-14.59,-22.14,-865,838,0.00
-95.0,10,12,10,-13.35,-20.94,-981,1014,0.00
-95.0,10,13,10,-13.34,-20.92,-997,978,0.00
-95.0,10,14,10,-13.35,-20.95,-949,962,0.00
-95.0,10,15,10,-13.34,-20.94,-980,1025,0.00
-95.0,11,0,10,-30.16,-36.81,-157,147,0.00
-95.0,11,1,10,-28.85,-35.71,-184,160,0.00
-95.0,11,2,10,-26.98,-33.99,-216,217,0.00
-95.0,11,3,10,-25.30,-32.46,-260,258,0.00
-95.0,11,4,10,-23.91,-31.09,-308,303,0.00
-95.0,11,5,10,-22.52,-29.79,-342,347,0.00
-95.0,11,6,10,-21.09,-28.41,-411,429,0.00
-95.0,11,7,10,-19.66,-26.99,-460,492,0.00
-95.0,11,8,10,-18.25,-25.64,-554,573,0.00
-95.0,11,9,10,-16.78,-24.24,-634,664,0.00
-95.0,11,10,10,-15.36,-22.83,-757,788,0.00
-95.0,11,11,10,-14.02,-21.57,-855,945,0.00
-95.0,11,12,10,-12.76,-20.35,-1056,1002,0.00
-95.0,11,13,10,-12.75,-20.35,-1000,1125,0.00
-95.0,11,14,10,-12.75,-20.35,-1017,1040,0.00
-95.0,11,15,10,-12.77,-20.37,-1057,1024,0.00
-95.0,12,0,10,-29.39,-36.02,-166,161,0.00
-95.0,12,1,10,-28.05,-34.94,-187,184,0.00
-95.0,12,2,10,-26.21,-33.24,-234,237,0.00
-95.0,12,3,10,-24.55,-31.64,-264,295,0.00
-95.0,12,4,10,-23.12,-30.31,-330,325,0.00
-95.0,12,5,10,-21.76,-29.00,-392,367,0.00
-95.0,12,6,10,-20.31,-27.60,-464,432,0.00
-95.0,12,7,10,-18.86,-26.21,-495,531,0.00
-95.0,12,8,10,-17.46,-24.85,-619,631,0.00
-95.0,12,9,10,-16.02,-23.43,-726,763,0.00
-95.0,12,10,10,-14.56,-22.06,-905,964,0.00
-95.0,12,11,10,-13.25,-20.78,-963,1027,0.00
-95.0,12,12,10,-11.99,-19.56,-1177,1127,0.00
-95.0,12,13,10,-11.96,-19.58,-1275,1107,0.01
-95.0,12,14,10,-11.97,-19.54,-1248,1212,0.01
-95.0,12,15,10,-11.99,-19.56,-1269,1231,0.01
-95.0,13,0,10,-29.34,-35.96,-180,178,0.00
-95.0,13,1,10,-27.99,-34.91,-189,198,0.00
-95.0,13,2,10,-26.14,-33.13,-244,232,0.00
-95.0,13,3,10,-24.46,-31.61,-287,288,0.00
-95.0,13,4,10,-23.07,-30.22,-338,317,0.00
-95.0,13,5,10,-21.68,-28.91,-382,400,0.00
-95.0,13,6,10,-20.25,-27.53,-433,445,0.00
-95.0,13,7,10,-18.82,-26.14,-553,550,0.00
-95.0,13,8,10,-17.39,-24.75,-600,631,0.00
-95.0,13,9,10,-15.93,-23.38,-756,725,0.00
-95.0,13,10,10,-14.49,-22.02,-860,959,0.00
-95.0,13,11,10,-13.18,-20.71,-1054,983,0.00
-95.0,13,12,10,-11.93,-19.51,-1182,1095,0.01
-95.0,13,13,10,-11.89,-19.49,-1172,1120,0.01
-95.0,13,14,10,-11.92,-19.47,-1152,1165,0.01
-95.0,13,15,10,-11.90,-19.48,-1137,1264,0.01
-95.0,14,0,10,-28.00,-34.66,-188,200,0.00
-95.0,14,1,10,-26.69,-33.56,-223,226,0.00
-95.0,14,2,10,-24.79,-31.82,-273,272,0.00
-95.0,14,3,10,-23.17,-30.26,-328,350,0.00
-95.0,14,4,10,-21.77,-28.95,-392,401,0.00
-95.0,14,5,10,-20.37,-27.63,-466,451,0.00
-95.0,14,6,10,-18.93,-26.18,-552,541,0.00
-95.0,14,7,10,-17.48,-24.82,-603,634,0.00
-95.0,14,8,10,-16.08,-23.46,-768,790,0.00
-95.0,14,9,10,-14.62,-22.04,-885,849,0.00
-95.0,14,10,10,-13.15,-20.64,-1185,1006,0.00
-95.0,14,11,10,-11.83,-19.37,-1202,1166,0.01
-95.0,14,12,10,-10.59,-18.16,-1332,1442,0.11
-95.0,14,13,10,-10.58,-18.10,-1319,1377,0.12
-95.0,14,14,10,-10.59,-18.15,-1302,1379,0.10
-95.0,14,15,10,-10.58,-18.15,-1336,1439,0.11
-95.0,15,0,10,-27.42,-34.14,-226,213,0.00
-95.0,15,1,10,-26.12,-33.01,-241,239,0.00
-95.0,15,2,10,-24.27,-31.27,-287,274,0.00
-95.0,15,3,10,-22.61,-29.72,-340,345,0.00
-95.0,15,4,10,-21.20,-28.37,-456,421,0.00
-95.0,15,5,10,-19.84,-27.07,-488,478,0.00
-95.0,15,6,10,-18.37,-25.67,-535,602,0.00
-95.0,15,7,10,-16.95,-24.27,-637,654,0.00
-95.0,15,8,10,-15.52,-22.91,-765,761,0.00
-95.0,15,9,10,-14.09,-21.52,-878,891,0.00
-95.0,15,10,10,-12.62,-20.11,-1060,1022,0.00
-95.0,15,11,10,-11.29,-18.80,-1275,1264,0.03
-95.0,15,12,10,-10.04,-17.60,-1553,1385,0.26
-95.0,15,13,10,-10.04,-17.61,-1558,1469,0.26
-95.0,15,14,10,-10.06,-17.56,-1506,1421,0.27
-95.0,15,15,10,-10.02,-17.59,-1463,1408,0.26
dBm,LNA,MIX,VGA,signal,noise,adc_min,adc_max,above_threshold
-83.0,0,0,11,-40.87,-47.89,-42,38,0.00
-83.0,0,1,11,-39.54,-47.76,-46,46,0.00
-83.0,0,2,11,-37.69,-47.48,-48,45,0.00
-83.0,0,3,11,-36.05,-47.21,-56,53,0.00
-83.0,0,4,11,-34.65,-46.89,-60,59,0.00
-83.0,0,5,11,-33.30,-46.43,-71,63,0.00
-83.0,0,6,11,-31.85,-45.89,-76,74,0.00
-83.0,0,7,11,-30.42,-45.18,-87,85,0.00
-83.0,0,8,11,-29.00,-44.45,-99,94,0.00
-83.0,0,9,11,-27.56,-43.55,-113,112,0.00
-83.0,0,10,11,-26.10,-42.55,-135,125,0.00
-83.0,0,11,11,-24.78,-41.59,-146,151,0.00
-83.0,0,12,11,-23.53,-40.65,-168,166,0.00
-83.0,0,13,11,-23.53,-40.62,-171,175,0.00
-83.0,0,14,11,-23.52,-40.63,-170,168,0.00
-83.0,0,15,11,-23.52,-40.59,-174,168,0.00
-86.0,1,0,11,-40.39,-47.55,-44,41,0.00
-86.0,1,1,11,-39.07,-47.36,-48,43,0.00
-86.0,1,2,11,-37.20,-46.98,-53,50,0.00
-86.0,1,3,11,-35.55,-46.49,-59,57,0.00
-86.0,1,4,11,-34.17,-45.94,-69,64,0.00
-86.0,1,5,11,-32.81,-45.36,-76,70,0.00
-86.0,1,6,11,-31.35,-44.54,-85,84,0.00
-86.0,1,7,11,-29.91,-43.66,-99,94,0.00
-86.0,1,8,11,-28.50,-42.69,-113,108,0.00
-86.0,1,9,11,-27.06,-41.65,-130,126,0.00
-86.0,1,10,11,-25.61,-40.47,-154,156,0.00
-86.0,1,11,11,-24.28,-39.41,-180,170,0.00
-86.0,1,12,11,-23.02,-38.32,-197,196,0.00
-86.0,1,13,11,-23.02,-38.35,-198,203,0.00
-86.0,1,14,11,-23.03,-38.36,-199,204,0.00
-86.0,1,15,11,-23.03,-38.36,-196,192,0.00
-89.0,2,0,11,-39.41,-46.77,-51,49,0.00
-89.0,2,1,11,-38.09,-46.37,-52,50,0.00
-89.0,2,2,11,-36.24,-45.63,-65,57,0.00
-89.0,2,3,11,-34.57,-44.85,-69,66,0.00
-89.0,2,4,11,-33.20,-44.08,-81,75,0.00
-89.0,2,5,11,-31.81,-43.16,-89,87,0.00
-89.0,2,6,11,-30.37,-42.12,-104,102,0.00
-89.0,2,7,11,-28.91,-41.03,-125,116,0.00
-89.0,2,8,11,-27.51,-39.85,-142,144,0.00
-89.0,2,9,11,-26.05,-38.61,-160,174,0.00
-89.0,2,10,11,-24.62,-37.36,-197,184,0.00
-89.0,2,11,11,-23.29,-36.14,-223,221,0.00
-89.0,2,12,11,-22.03,-35.06,-251,254,0.00
-89.0,2,13,11,-22.03,-35.03,-256,264,0.00
-89.0,2,14,11,-22.04,-35.05,-249,255,0.00
-89.0,2,15,11,-22.03,-35.05,-257,238,0.00
-92.0,3,0,11,-39.20,-45.64,-56,47,0.00
-92.0,3,1,11,-37.88,-45.07,-59,56,0.00
-92.0,3,2,11,-36.03,-44.04,-75,65,0.00
-92.0,3,3,11,-34.37,-43.02,-81,77,0.00
-92.0,3,4,11,-32.97,-41.99,-92,87,0.00
-92.0,3,5,11,-31.61,-40.95,-113,104,0.00
-92.0,3,6,11,-30.16,-39.73,-122,140,0.00
-92.0,3,7,11,-28.73,-38.50,-152,145,0.00
-92.0,3,8,11,-27.32,-37.23,-172,164,0.00
-92.0,3,9,11,-25.86,-35.88,-192,191,0.00
-92.0,3,10,11,-24.42,-34.57,-230,234,0.00
-92.0,3,11,11,-23.08,-33.36,-265,269,0.00
-92.0,3,12,11,-21.84,-32.22,-299,333,0.00
-92.0,3,13,11,-21.83,-32.22,-287,300,0.00
-92.0,3,14,11,-21.85,-32.17,-311,291,0.00
-92.0,3,15,11,-21.83,-32.22,-306,292,0.00
-92.0,4,0,11,-37.37,-44.71,-64,69,0.00
-92.0,4,1,11,-36.05,-44.03,-69,63,0.00
-92.0,4,2,11,-34.17,-42.83,-89,80,0.00
-92.0,4,3,11,-32.52,-41.65,-99,88,0.00
-92.0,4,4,11,-31.14,-40.51,-110,106,0.00
-92.0,4,5,11,-29.75,-39.39,-123,120,0.00
-92.0,4,6,11,-28.32,-38.12,-142,148,0.00
-92.0,4,7,11,-26.86,-36.81,-170,171,0.00
-92.0,4,8,11,-25.45,-35.51,-211,207,0.00
-92.0,4,9,11,-24.02,-34.21,-238,254,0.00
-92.0,4,10,11,-22.56,-32.82,-300,281,0.00
-92.0,4,11,11,-21.23,-31.60,-323,331,0.00
-92.0,4,12,11,-19.99,-30.40,-374,383,0.00
-92.0,4,13,11,-19.98,-30.37,-395,365,0.00
-92.0,4,14,11,-19.98,-30.45,-385,368,0.00
-92.0,4,15,11,-19.98,-30.45,-361,378,0.00
-92.0,5,0,11,-35.64,-43.68,-80,69,0.00
-92.0,5,1,11,-34.32,-42.85,-84,75,0.00
-92.0,5,2,11,-32.45,-41.52,-94,97,0.00
-92.0,5,3,11,-30.80,-40.21,-122,113,0.00
-92.0,5,4,11,-29.42,-39.04,-134,129,0.00
-92.0,5,5,11,-28.01,-37.87,-169,159,0.00
-92.0,5,6,11,-26.56,-36.51,-187,181,0.00
-92.0,5,7,11,-25.13,-35.21,-211,202,0.00
-92.0,5,8,11,-23.71,-33.89,-251,237,0.00
-92.0,5,9,11,-22.28,-32.54,-288,266,0.00
-92.0,5,10,11,-20.82,-31.12,-346,340,0.00
-92.0,5,11,11,-19.49,-29.91,-393,400,0.00
-92.0,5,12,11,-18.26,-28.73,-437,441,0.00
-92.0,5,13,11,-18.24,-28.74,-445,430,0.00
-92.0,5,14,11,-18.26,-28.75,-460,449,0.00
-92.0,5,15,11,-18.25,-28.75,-470,469,0.00
-92.0,6,0,11,-32.61,-41.45,-98,92,0.00
-92.0,6,1,11,-31.31,-40.55,-107,109,0.00
-92.0,6,2,11,-29.44,-38.99,-130,137,0.00
-92.0,6,3,11,-27.80,-37.58,-152,150,0.00
-92.0,6,4,11,-26.38,-36.29,-183,179,0.00
-92.0,6,5,11,-25.01,-35.05,-210,218,0.00
-92.0,6,6,11,-23.56,-33.70,-246,253,0.00
-92.0,6,7,11,-22.11,-32.32,-291,292,0.00
-92.0,6,8,11,-20.70,-30.98,-337,360,0.00
-92.0,6,9,11,-19.27,-29.63,-420,423,0.00
-92.0,6,10,11,-17.80,-28.24,-483,496,0.00
-92.0,6,11,11,-16.48,-27.00,-574,564,0.00
-92.0,6,12,11,-15.22,-25.80,-636,666,0.00
-92.0,6,13,11,-15.23,-25.78,-667,612,0.00
-92.0,6,14,11,-15.24,-25.79,-638,655,0.00
-92.0,6,15,11,-15.23,-25.79,-643,634,0.00
-95.0,7,0,11,-32.55,-38.88,-118,113,0.00
-95.0,7,1,11,-31.22,-37.90,-130,132,0.00
-95.0,7,2,11,-29.39,-36.25,-159,173,0.00
-95.0,7,3,11,-27.71,-34.78,-200,189,0.00
-95.0,7,4,11,-26.33,-33.46,-226,219,0.00
-95.0,7,5,11,-24.94,-32.13,-287,252,0.00
-95.0,7,6,11,-23.48,-30.78,-303,301,0.00
-95.0,7,7,11,-22.05,-29.38,-359,368,0.00
-95.0,7,8,11,-20.64,-28.06,-437,441,0.00
-95.0,7,9,11,-19.18,-26.65,-521,492,0.00
-95.0,7,10,11,-17.72,-25.25,-574,607,0.00
-95.0,7,11,11,-16.41,-24.00,-712,683,0.00
-95.0,7,12,11,-15.16,-22.82,-794,792,0.00
-95.0,7,13,11,-15.16,-22.82,-788,787,0.00
-95.0,7,14,11,-15.16,-22.79,-852,860,0.00
-95.0,7,15,11,-15.15,-22.85,-770,758,0.00
-95.0,8,0,11,-29.35,-35.95,-169,159,0.00
-95.0,8,1,11,-28.02,-34.88,-185,189,0.00
-95.0,8,2,11,-26.16,-33.17,-239,238,0.00
-95.0,8,3,11,-24.52,-31.65,-272,294,0.00
-95.0,8,4,11,-23.10,-30.32,-323,326,0.00
-95.0,8,5,11,-21.74,-29.01,-379,417,0.00
-95.0,8,6,11,-20.29,-27.65,-450,438,0.00
-95.0,8,7,11,-18.84,-26.25,-514,512,0.00
-95.0,8,8,11,-17.43,-24.90,-604,678,0.00
-95.0,8,9,11,-16.00,-23.44,-726,711,0.00
-95.0,8,10,11,-14.54,-22.10,-827,887,0.00
-95.0,8,11,11,-13.23,-20.81,-1018,1008,0.00
-95.0,8,12,11,-11.98,-19.60,-1156,1198,0.01
-95.0,8,13,11,-11.96,-19.63,-1129,1123,0.00
-95.0,8,14,11,-11.96,-19.59,-1166,1329,0.00
-95.0,8,15,11,-11.97,-19.60,-1180,1120,0.01
-95.0,9,0,11,-27.84,-34.46,-202,206,0.00
-95.0,9,1,11,-26.51,-33.37,-236,224,0.00
-95.0,9,2,11,-24.64,-31.68,-299,277,0.00
-95.0,9,3,11,-22.99,-30.14,-326,337,0.00
-95.0,9,4,11,-21.58,-28.80,-400,405,0.00
-95.0,9,5,11,-20.20,-27.49,-485,473,0.00
-95.0,9,6,11,-18.75,-26.11,-546,545,0.00
-95.0,9,7,11,-17.31,-24.69,-624,725,0.00
-95.0,9,8,11,-15.89,-23.36,-761,731,0.00
-95.0,9,9,11,-14.47,-21.93,-844,862,0.00
-95.0,9,10,11,-12.99,-20.53,-1014,1101,0.00
-95.0,9,11,11,-11.68,-19.26,-1285,1244,0.01
-95.0,9,12,11,-10.42,-18.03,-1401,1425,0.14
-95.0,9,13,11,-10.42,-18.07,-1411,1433,0.12
-95.0,9,14,11,-10.41,-18.08,-1432,1376,0.12
-95.0,9,15,11,-10.42,-18.03,-1434,1312,0.13
-95.0,10,0,11,-27.21,-33.85,-232,222,0.00
-95.0,10,1,11,-25.90,-32.81,-251,236,0.00
-95.0,10,2,11,-24.04,-31.08,-295,293,0.00
-95.0,10,3,11,-22.38,-29.52,-382,367,0.00
-95.0,10,4,11,-20.98,-28.20,-422,451,0.00
-95.0,10,5,11,-19.59,-26.87,-481,495,0.00
-95.0,10,6,11,-18.15,-25.49,-573,580,0.00
-95.0,10,7,11,-16.70,-24.09,-648,704,0.00
-95.0,10,8,11,-15.31,-22.73,-821,801,0.00
-95.0,10,9,11,-13.86,-21.35,-986,1018,0.00
-95.0,10,10,11,-12.40,-19.94,-1230,1074,0.00
-95.0,10,11,11,-11.10,-18.64,-1257,1411,0.04
-95.0,10,12,11,-9.83,-17.41,-1497,1542,0.34
-95.0,10,13,11,-9.83,-17.44,-1433,1485,0.33
-95.0,10,14,11,-9.82,-17.43,-1491,1441,0.34
-95.0,10,15,11,-9.83,-17.43,-1546,1565,0.35
-95.0,11,0,11,-26.65,-33.29,-229,223,0.00
-95.0,11,1,11,-25.32,-32.23,-260,273,0.00
-95.0,11,2,11,-23.46,-30.51,-323,302,0.00
-95.0,11,3,11,-21.80,-28.94,-388,373,0.00
-95.0,11,4,11,-20.39,-27.64,-446,451,0.00
-95.0,11,5,11,-19.04,-26.29,-507,597,0.00
-95.0,11,6,11,-17.58,-24.90,-601,718,0.00
-95.0,11,7,11,-16.14,-23.51,-722,731,0.00
-95.0,11,8,11,-14.72,-22.16,-834,848,0.00
-95.0,11,9,11,-13.29,-20.74,-994,1062,0.00
-95.0,11,10,11,-11.82,-19.33,-1198,1148,0.01
-95.0,11,11,11,-10.52,-18.04,-1492,1406,0.12
-95.0,11,12,11,-9.24,-16.84,-1507,1506,0.73
-95.0,11,13,11,-9.22,-16.84,-1554,1568,0.77
-95.0,11,14,11,-9.24,-16.84,-1724,1654,0.76
-95.0,11,15,11,-9.23,-16.85,-1672,1649,0.75
-95.0,12,0,11,-25.86,-32.56,-254,237,0.00
-95.0,12,1,11,-24.52,-31.42,-283,281,0.00
-95.0,12,2,11,-22.67,-29.77,-380,353,0.00
-95.0,12,3,11,-21.01,-28.19,-431,402,0.00
-95.0,12,4,11,-19.62,-26.86,-547,478,0.00
-95.0,12,5,11,-18.23,-25.53,-573,600,0.00
-95.0,12,6,11,-16.80,-24.14,-661,685,0.00
-95.0,12,7,11,-15.34,-22.73,-793,813,0.00
-95.0,12,8,11,-13.94,-21.37,-970,974,0.00
-95.0,12,9,11,-12.49,-19.95,-1122,1106,0.00
-95.0,12,10,11,-11.04,-18.57,-1311,1290,0.05
-95.0,12,11,11,-9.72,-17.26,-1501,1600,0.41
-95.0,12,12,11,-8.43,-16.05,-1757,1694,1.90
-95.0,12,13,11,-8.45,-16.04,-1891,2027,1.88
-95.0,12,14,11,-8.45,-16.01,-1743,1694,1.90
-95.0,12,15,11,-8.44,-16.00,-1729,1637,1.88
-95.0,13,0,11,-25.80,-32.43,-255,254,0.00
-95.0,13,1,11,-24.48,-31.39,-307,271,0.00
-95.0,13,2,11,-22.59,-29.66,-359,355,0.00
-95.0,13,3,11,-20.95,-28.10,-420,426,0.00
-95.0,13,4,11,-19.54,-26.76,-544,488,0.00
-95.0,13,5,11,-18.18,-25.46,-608,542,0.00
-95.0,13,6,11,-16.72,-24.05,-681,657,0.00
-95.0,13,7,11,-15.30,-22.63,-835,810,0.00
-95.0,13,8,11,-13.87,-21.29,-925,925,0.00
-95.0,13,9,11,-12.43,-19.87,-1131,1129,0.00
-95.0,13,10,11,-10.96,-18.47,-1293,1308,0.06
-95.0,13,11,11,-9.65,-17.14,-1530,1535,0.47
-95.0,13,12,11,-8.38,-15.94,-1730,1702,2.03
-95.0,13,13,11,-8.39,-15.93,-1926,1907,2.03
-95.0,13,14,11,-8.38,-15.96,-1671,1769,2.03
-95.0,13,15,11,-8.37,-15.93,-1717,1745,2.04
-95.0,14,0,11,-24.47,-31.13,-293,278,0.00
-95.0,14,1,11,-23.16,-30.07,-317,353,0.00
-95.0,14,2,11,-21.29,-28.34,-415,402,0.00
-95.0,14,3,11,-19.63,-26.82,-498,478,0.00
-95.0,14,4,11,-18.24,-25.42,-581,592,0.00
-95.0,14,5,11,-16.84,-24.13,-693,736,0.00
-95.0,14,6,11,-15.40,-22.71,-778,801,0.00
-95.0,14,7,11,-13.96,-21.32,-895,1038,0.00
-95.0,14,8,11,-12.56,-19.96,-1306,1112,0.00
-95.0,14,9,11,-11.10,-18.53,-1370,1298,0.04
-95.0,14,10,11,-9.66,-17.11,-1421,1507,0.47
-95.0,14,11,11,-8.31,-15.82,-1749,2012,2.21
-95.0,14,12,11,-7.05,-14.59,-2014,2006,6.22
-95.0,14,13,11,-7.07,-14.58,-2026,2023,6.19
-95.0,14,14,11,-7.06,-14.61,-2043,1992,6.20
-95.0,14,15,11,-7.04,-14.62,-1955,2033,6.21
-95.0,15,0,11,-23.90,-30.63,-298,324,0.00
-95.0,15,1,11,-22.60,-29.54,-369,352,0.00
-95.0,15,2,11,-20.72,-27.81,-432,439,0.00
-95.0,15,3,11,-19.07,-26.25,-510,516,0.00
-95.0,15,4,11,-17.66,-24.92,-603,581,0.00
-95.0,15,5,11,-16.27,-23.59,-772,677,0.00
-95.0,15,6,11,-14.85,-22.16,-807,868,0.00
-95.0,15,7,11,-13.38,-20.80,-1001,961,0.00
-95.0,15,8,11,-11.98,-19.39,-1184,1230,0.01
-95.0,15,9,11,-10.54,-17.96,-1388,1366,0.13
-95.0,15,10,11,-9.08,-16.54,-1724,1724,1.00
-95.0,15,11,11,-7.76,-15.26,-1931,1843,3.66
-95.0,15,12,11,-6.51,-14.05,-2008,2035,8.88
-95.0,15,13,11,-6.50,-14.04,-2015,1997,8.85
-95.0,15,14,11,-6.51,-14.03,-2043,2030,8.85
-95.0,15,15,11,-6.51,-14.04,-2042,2034,8.85
dBm,LNA,MIX,VGA,signal,noise,adc_min,adc_max,above_threshold
-83.0,0,0,12,-37.47,-44.70,-66,56,0.00
-83.0,0,1,12,-36.15,-44.52,-66,59,0.00
-83.0,0,2,12,-34.31,-44.25,-70,72,0.00
-83.0,0,3,12,-32.67,-43.95,-84,74,0.00
-83.0,0,4,12,-31.26,-43.60,-91,81,0.00
-83.0,0,5,12,-29.90,-43.14,-103,100,0.00
-83.0,0,6,12,-28.45,-42.56,-109,107,0.00
-83.0,0,7,12,-27.01,-41.91,-134,126,0.00
-83.0,0,8,12,-25.60,-41.13,-146,155,0.00
-83.0,0,9,12,-24.16,-40.23,-165,160,0.00
-83.0,0,10,12,-22.70,-39.21,-209,192,0.00
-83.0,0,11,12,-21.38,-38.27,-220,211,0.00
-83.0,0,12,12,-20.13,-37.34,-249,245,0.00
-83.0,0,13,12,-20.13,-37.33,-252,249,0.00
-83.0,0,14,12,-20.13,-37.30,-255,245,0.00
-83.0,0,15,12,-20.13,-37.32,-255,244,0.00
-86.0,1,0,12,-37.02,-44.32,-65,60,0.00
-86.0,1,1,12,-35.71,-44.07,-67,65,0.00
-86.0,1,2,12,-33.83,-43.69,-77,77,0.00
-86.0,1,3,12,-32.20,-43.18,-85,80,0.00
-86.0,1,4,12,-30.79,-42.64,-99,114,0.00
-86.0,1,5,12,-29.42,-42.00,-113,114,0.00
-86.0,1,6,12,-27.96,-41.21,-125,127,0.00
-86.0,1,7,12,-26.53,-40.34,-153,137,0.00
-86.0,1,8,12,-25.12,-39.40,-161,157,0.00
-86.0,1,9,12,-23.67,-38.32,-188,188,0.00
-86.0,1,10,12,-22.21,-37.18,-220,225,0.00
-86.0,1,11,12,-20.90,-36.08,-256,248,0.00
-86.0,1,12,12,-19.64,-34.99,-288,305,0.00
-86.0,1,13,12,-19.64,-35.05,-299,288,0.00
-86.0,1,14,12,-19.64,-35.05,-299,289,0.00
-86.0,1,15,12,-19.65,-35.04,-295,288,0.00
-89.0,2,0,12,-36.04,-43.49,-71,66,0.00
-89.0,2,1,12,-34.74,-43.10,-79,78,0.00
-89.0,2,2,12,-32.89,-42.31,-92,86,0.00
-89.0,2,3,12,-31.22,-41.56,-100,100,0.00
-89.0,2,4,12,-29.81,-40.76,-114,118,0.00
-89.0,2,5,12,-28.44,-39.85,-138,124,0.00
-89.0,2,6,12,-26.99,-38.79,-150,169,0.00
-89.0,2,7,12,-25.54,-37.69,-177,173,0.00
-89.0,2,8,12,-24.14,-36.54,-207,202,0.00
-89.0,2,9,12,-22.71,-35.27,-237,229,0.00
-89.0,2,10,12,-21.24,-34.02,-291,289,0.00
-89.0,2,11,12,-19.92,-32.84,-317,319,0.00
-89.0,2,12,12,-18.67,-31.68,-397,366,0.00
-89.0,2,13,12,-18.66,-31.71,-356,355,0.00
-89.0,2,14,12,-18.67,-31.73,-378,350,0.00
-89.0,2,15,12,-18.67,-31.73,-375,367,0.00
-92.0,3,0,12,-35.91,-42.37,-79,78,0.00
-92.0,3,1,12,-34.58,-41.79,-87,86,0.00
-92.0,3,2,12,-32.71,-40.78,-105,98,0.00
-92.0,3,3,12,-31.06,-39.70,-123,118,0.00
-92.0,3,4,12,-29.64,-38.66,-144,134,0.00
-92.0,3,5,12,-28.28,-37.60,-146,143,0.00
-92.0,3,6,12,-26.84,-36.41,-174,171,0.00
-92.0,3,7,12,-25.40,-35.18,-211,204,0.00
-92.0,3,8,12,-23.99,-33.91,-240,235,0.00
-92.0,3,9,12,-22.55,-32.62,-279,295,0.00
-92.0,3,10,12,-21.09,-31.25,-346,319,0.00
-92.0,3,11,12,-19.78,-30.04,-376,387,0.00
-92.0,3,12,12,-18.51,-28.89,-465,431,0.00
-92.0,3,13,12,-18.49,-28.88,-441,453,0.00
-92.0,3,14,12,-18.50,-28.89,-444,427,0.00
-92.0,3,15,12,-18.51,-28.87,-492,425,0.00
-92.0,4,0,12,-34.04,-41.45,-94,89,0.00
-92.0,4,1,12,-32.73,-40.76,-105,107,0.00
-92.0,4,2,12,-30.88,-39.53,-119,120,0.00
-92.0,4,3,12,-29.21,-38.31,-141,131,0.00
-92.0,4,4,12,-27.80,-37.20,-166,155,0.00
-92.0,4,5,12,-26.42,-36.03,-194,181,0.00
-92.0,4,6,12,-24.99,-34.78,-225,210,0.00
-92.0,4,7,12,-23.53,-33.48,-253,259,0.00
-92.0,4,8,12,-22.13,-32.24,-298,307,0.00
-92.0,4,9,12,-20.68,-30.85,-348,351,0.00
-92.0,4,10,12,-19.22,-29.51,-427,420,0.00
-92.0,4,11,12,-17.91,-28.32,-473,499,0.00
-92.0,4,12,12,-16.66,-27.11,-549,573,0.00
-92.0,4,13,12,-16.65,-27.15,-538,542,0.00
-92.0,4,14,12,-16.65,-27.11,-580,526,0.00
-92.0,4,15,12,-16.67,-27.11,-534,547,0.00
-92.0,5,0,12,-32.30,-40.35,-106,102,0.00
-92.0,5,1,12,-31.02,-39.52,-127,115,0.00
-92.0,5,2,12,-29.13,-38.23,-152,137,0.00
-92.0,5,3,12,-27.49,-36.88,-168,169,0.00
-92.0,5,4,12,-26.06,-35.70,-211,191,0.00
-92.0,5,5,12,-24.69,-34.49,-242,237,0.00
-92.0,5,6,12,-23.24,-33.22,-248,258,0.00
-92.0,5,7,12,-21.81,-31.87,-323,313,0.00
-92.0,5,8,12,-20.39,-30.58,-346,355,0.00
-92.0,5,9,12,-18.95,-29.25,-421,426,0.00
-92.0,5,10,12,-17.51,-27.87,-502,488,0.00
-92.0,5,11,12,-16.18,-26.61,-584,583,0.00
-92.0,5,12,12,-14.93,-25.46,-679,717,0.00
-92.0,5,13,12,-14.92,-25.42,-668,681,0.00
-92.0,5,14,12,-14.91,-25.44,-658,638,0.00
-92.0,5,15,12,-14.93,-25.41,-668,641,0.00
-92.0,6,0,12,-29.29,-38.10,-142,133,0.00
-92.0,6,1,12,-27.98,-37.19,-159,155,0.00
-92.0,6,2,12,-26.10,-35.63,-211,194,0.00
-92.0,6,3,12,-24.45,-34.21,-234,224,0.00
-92.0,6,4,12,-23.04,-32.95,-259,266,0.00
-92.0,6,5,12,-21.67,-31.70,-298,320,0.00
-92.0,6,6,12,-20.23,-30.38,-365,377,0.00
-92.0,6,7,12,-18.79,-29.01,-416,435,0.00
-92.0,6,8,12,-17.37,-27.66,-551,495,0.00
-92.0,6,9,12,-15.92,-26.30,-574,597,0.00
-92.0,6,10,12,-14.46,-24.90,-672,772,0.00
-92.0,6,11,12,-13.13,-23.64,-844,831,0.00
-92.0,6,12,12,-11.88,-22.43,-938,1006,0.00
-92.0,6,13,12,-11.89,-22.46,-940,944,0.00
-92.0,6,14,12,-11.89,-22.42,-939,1062,0.00
-92.0,6,15,12,-11.88,-22.45,-913,934,0.00
-95.0,7,0,12,-29.22,-35.56,-179,171,0.00
-95.0,7,1,12,-27.90,-34.56,-183,198,0.00
-95.0,7,2,12,-26.06,-32.93,-236,224,0.00
-95.0,7,3,12,-24.40,-31.43,-289,278,0.00
-95.0,7,4,12,-22.97,-30.14,-329,341,0.00
-95.0,7,5,12,-21.61,-28.82,-380,366,0.00
-95.0,7,6,12,-20.15,-27.44,-467,447,0.00
-95.0,7,7,12,-18.74,-26.06,-555,520,0.00
-95.0,7,8,12,-17.32,-24.72,-667,632,0.00
-95.0,7,9,12,-15.88,-23.37,-749,758,0.00
-95.0,7,10,12,-14.42,-21.93,-820,864,0.00
-95.0,7,11,12,-13.09,-20.65,-1006,992,0.00
-95.0,7,12,12,-11.84,-19.45,-1178,1160,0.01
-95.0,7,13,12,-11.84,-19.46,-1141,1141,0.01
-95.0,7,14,12,-11.86,-19.46,-1114,1149,0.01
-95.0,7,15,12,-11.84,-19.46,-1120,1152,0.01
-95.0,8,0,12,-26.02,-32.60,-242,268,0.00
-95.0,8,1,12,-24.70,-31.55,-273,271,0.00
-95.0,8,2,12,-22.85,-29.88,-350,355,0.00
-95.0,8,3,12,-21.17,-28.32,-393,421,0.00
-95.0,8,4,12,-19.78,-26.99,-466,484,0.00
-95.0,8,5,12,-18.41,-25.71,-542,575,0.00
-95.0,8,6,12,-16.98,-24.30,-699,661,0.00
-95.0,8,7,12,-15.52,-22.92,-825,753,0.00
-95.0,8,8,12,-14.13,-21.53,-984,859,0.00
-95.0,8,9,12,-12.68,-20.17,-1072,1050,0.00
-95.0,8,10,12,-11.21,-18.67,-1262,1349,0.03
-95.0,8,11,12,-9.90,-17.46,-1435,1356,0.30
-95.0,8,12,12,-8.62,-16.20,-1608,1779,1.51
-95.0,8,13,12,-8.64,-16.23,-1707,1858,1.48
-95.0,8,14,12,-8.65,-16.22,-1703,1712,1.53
-95.0,8,15,12,-8.63,-16.20,-1667,1760,1.54
-95.0,9,0,12,-24.51,-31.12,-293,295,0.00
-95.0,9,1,12,-23.19,-30.04,-319,316,0.00
-95.0,9,2,12,-21.33,-28.35,-409,405,0.00
-95.0,9,3,12,-19.67,-26.80,-475,492,0.00
-95.0,9,4,12,-18.28,-25.49,-588,625,0.00
-95.0,9,5,12,-16.90,-24.15,-710,622,0.00
-95.0,9,6,12,-15.44,-22.74,-823,785,0.00
-95.0,9,7,12,-14.00,-21.36,-911,879,0.00
-95.0,9,8,12,-12.60,-19.99,-1085,1095,0.00
-95.0,9,9,12,-11.14,-18.56,-1316,1317,0.04
-95.0,9,10,12,-9.69,-17.14,-1539,1490,0.44
-95.0,9,11,12,-8.36,-15.89,-1805,1714,2.06
-95.0,9,12,12,-7.12,-14.65,-2030,2016,5.96
-95.0,9,13,12,-7.11,-14.68,-1998,1972,5.91
-95.0,9,14,12,-7.10,-14.66,-1953,1963,5.93
-95.0,9,15,12,-7.10,-14.67,-2003,1974,5.92
-95.0,10,0,12,-23.92,-30.57,-325,333,0.00
-95.0,10,1,12,-22.60,-29.46,-355,344,0.00
-95.0,10,2,12,-20.73,-27.75,-443,456,0.00
-95.0,10,3,12,-19.06,-26.23,-521,542,0.00
-95.0,10,4,12,-17.67,-24.89,-629,612,0.00
-95.0,10,5,12,-16.29,-23.55,-782,708,0.00
-95.0,10,6,12,-14.84,-22.18,-807,819,0.00
-95.0,10,7,12,-13.40,-20.78,-955,1014,0.00
-95.0,10,8,12,-11.99,-19.39,-1121,1294,0.01
-95.0,10,9,12,-10.53,-17.95,-1278,1362,0.13
-95.0,10,10,12,-9.08,-16.55,-1605,1664,0.98
-95.0,10,11,12,-7.76,-15.29,-1824,1900,3.62
-95.0,10,12,12,-6.49,-14.02,-2028,2034,8.86
-95.0,10,13,12,-6.49,-14.05,-2007,2028,8.89
-95.0,10,14,12,-6.49,-14.04,-2028,2021,8.85
-95.0,10,15,12,-6.47,-14.04,-2041,2033,8.93
-95.0,11,0,12,-23.29,-29.95,-343,336,0.00
-95.0,11,1,12,-21.98,-28.91,-387,380,0.00
-95.0,11,2,12,-20.13,-27.14,-454,448,0.00
-95.0,11,3,12,-18.45,-25.64,-560,552,0.00
-95.0,11,4,12,-17.08,-24.27,-626,662,0.00
-95.0,11,5,12,-15.69,-22.98,-800,776,0.00
-95.0,11,6,12,-14.24,-21.57,-900,905,0.00
-95.0,11,7,12,-12.79,-20.17,-1031,994,0.00
-95.0,11,8,12,-11.39,-18.78,-1283,1254,0.02
-95.0,11,9,12,-9.93,-17.37,-1471,1491,0.32
-95.0,11,10,12,-8.48,-15.96,-1836,1882,1.88
-95.0,11,11,12,-7.16,-14.64,-1914,1946,5.86
-95.0,11,12,12,-5.89,-13.42,-2044,2035,12.31
-95.0,11,13,12,-5.89,-13.43,-2045,2035,12.35
-95.0,11,14,12,-5.91,-13.43,-2043,2035,12.17
-95.0,11,15,12,-5.90,-13.42,-2045,2033,12.33
-95.0,12,0,12,-22.53,-29.23,-385,362,0.00
-95.0,12,1,12,-21.21,-28.10,-424,425,0.00
-95.0,12,2,12,-19.35,-26.40,-504,535,0.00
-95.0,12,3,12,-17.69,-24.88,-613,597,0.00
-95.0,12,4,12,-16.31,-23.52,-713,671,0.00
-95.0,12,5,12,-14.91,-22.16,-967,854,0.00
-95.0,12,6,12,-13.46,-20.77,-961,960,0.00
-95.0,12,7,12,-12.04,-19.38,-1161,1206,0.01
-95.0,12,8,12,-10.61,-18.00,-1464,1661,0.11
-95.0,12,9,12,-9.18,-16.57,-1700,1699,0.91
-95.0,12,10,12,-7.71,-15.12,-1875,1944,3.88
-95.0,12,11,12,-6.39,-13.88,-2025,2033,9.49
-95.0,12,12,12,-5.12,-12.68,-2046,2037,17.37
-95.0,12,13,12,-5.13,-12.65,-2046,2036,17.40
-95.0,12,14,12,-5.12,-12.62,-2048,2038,17.43
-95.0,12,15,12,-5.13,-12.64,-2045,2038,17.47
-95.0,13,0,12,-22.47,-29.16,-359,349,0.00
-95.0,13,1,12,-21.15,-28.04,-438,417,0.00
-95.0,13,2,12,-19.28,-26.32,-570,538,0.00
-95.0,13,3,12,-17.63,-24.79,-603,673,0.00
-95.0,13,4,12,-16.21,-23.45,-725,724,0.00
-95.0,13,5,12,-14.85,-22.11,-880,839,0.00
-95.0,13,6,12,-13.40,-20.69,-1016,950,0.00
-95.0,13,7,12,-11.96,-19.29,-1168,1134,0.01
-95.0,13,8,12,-10.55,-17.94,-1416,1353,0.13
-95.0,13,9,12,-9.10,-16.49,-1662,1628,1.01
-95.0,13,10,12,-7.63,-15.12,-1990,1925,4.10
-95.0,13,11,12,-6.32,-13.82,-2043,2033,9.90
-95.0,13,12,12,-5.06,-12.59,-2045,2038,17.89
-95.0,13,13,12,-5.07,-12.57,-2045,2037,17.94
-95.0,13,14,12,-5.06,-12.58,-2046,2037,17.93
-95.0,13,15,12,-5.06,-12.58,-2046,2036,17.87
-95.0,14,0,12,-21.15,-27.85,-420,406,0.00
-95.0,14,1,12,-19.84,-26.77,-476,466,0.00
-95.0,14,2,12,-17.98,-25.04,-619,597,0.00
-95.0,14,3,12,-16.30,-23.47,-687,743,0.00
-95.0,14,4,12,-14.91,-22.12,-838,871,0.00
-95.0,14,5,12,-13.54,-20.78,-924,1015,0.00
-95.0,14,6,12,-12.09,-19.39,-1230,1277,0.01
-95.0,14,7,12,-10.63,-17.95,-1401,1310,0.13
-95.0,14,8,12,-9.23,-16.57,-1728,1588,0.88
-95.0,14,9,12,-7.78,-15.17,-1933,1917,3.69
-95.0,14,10,12,-6.33,-13.74,-2042,2031,9.99
-95.0,14,11,12,-4.99,-12.43,-2045,2039,18.51
-95.0,14,12,12,-3.73,-11.25,-2048,2039,27.78
-95.0,14,13,12,-3.73,-11.24,-2048,2039,27.73
-95.0,14,14,12,-3.75,-11.27,-2047,2039,27.64
-95.0,14,15,12,-3.76,-11.28,-2048,2040,27.70
-95.0,15,0,12,-20.57,-27.30,-457,460,0.00
-95.0,15,1,12,-19.26,-26.19,-509,556,0.00
-95.0,15,2,12,-17.39,-24.44,-663,618,0.00
-95.0,15,3,12,-15.74,-22.91,-818,782,0.00
-95.0,15,4,12,-14.32,-21.52,-877,879,0.00
-95.0,15,5,12,-12.95,-20.23,-1044,1048,0.00
-95.0,15,6,12,-11.51,-18.81,-1286,1265,0.02
-95.0,15,7,12,-10.04,-17.39,-1422,1458,0.29
-95.0,15,8,12,-8.67,-16.01,-1838,1734,1.68
-95.0,15,9,12,-7.20,-14.53,-2001,2033,5.86
-95.0,15,10,12,-5.75,-13.16,-2044,2035,13.50
-95.0,15,11,12,-4.42,-11.86,-2047,2037,22.73
-95.0,15,12,12,-3.17,-10.68,-2048,2040,32.08
-95.0,15,13,12,-3.16,-10.69,-2048,2042,32.28
-95.0,15,14,12,-3.16,-10.68,-2048,2039,32.18
-95.0,15,15,12,-3.15,-10.71,-2048,2039,32.18
dBm,LNA,MIX,VGA,signal,noise,adc_min,adc_max,above_threshold
-83.0,0,0,13,-33.78,-41.29,-96,88,0.00
-83.0,0,1,13,-32.47,-41.14,-97,101,0.00
-83.0,0,2,13,-30.62,-40.88,-110,113,0.00
-83.0,0,3,13,-28.97,-40.54,-115,118,0.00
-83.0,0,4,13,-27.56,-40.18,-139,134,0.00
-83.0,0,5,13,-26.19,-39.73,-151,153,0.00
-83.0,0,6,13,-24.75,-39.15,-165,164,0.00
-83.0,0,7,13,-23.30,-38.46,-199,199,0.00
-83.0,0,8,13,-21.90,-37.70,-221,214,0.00
-83.0,0,9,13,-20.46,-36.76,-245,261,0.00
-83.0,0,10,13,-19.00,-35.80,-291,279,0.00
-83.0,0,11,13,-17.68,-34.85,-340,338,0.00
-83.0,0,12,13,-16.43,-33.86,-390,373,0.00
-83.0,0,13,13,-16.44,-33.83,-374,400,0.00
-83.0,0,14,13,-16.44,-33.86,-387,379,0.00
-83.0,0,15,13,-16.44,-33.89,-386,368,0.00
-86.0,1,0,13,-33.34,-40.97,-102,89,0.00
-86.0,1,1,13,-32.02,-40.71,-98,97,0.00
-86.0,1,2,13,-30.15,-40.26,-119,122,0.00
-86.0,1,3,13,-28.50,-39.76,-132,131,0.00
-86.0,1,4,13,-27.10,-39.21,-145,143,0.00
-86.0,1,5,13,-25.73,-38.57,-172,163,0.00
-86.0,1,6,13,-24.29,-37.79,-182,183,0.00
-86.0,1,7,13,-22.83,-36.90,-207,219,0.00
-86.0,1,8,13,-21.43,-35.90,-246,239,0.00
-86.0,1,9,13,-19.99,-34.89,-286,273,0.00
-86.0,1,10,13,-18.54,-33.72,-341,337,0.00
-86.0,1,11,13,-17.23,-32.63,-377,430,0.00
-86.0,1,12,13,-15.96,-31.58,-443,434,0.00
-86.0,1,13,13,-15.97,-31.57,-438,446,0.00
-86.0,1,14,13,-15.96,-31.60,-452,433,0.00
-86.0,1,15,13,-15.97,-31.56,-474,433,0.00
-89.0,2,0,13,-32.39,-40.11,-105,99,0.00
-89.0,2,1,13,-31.08,-39.69,-111,121,0.00
-89.0,2,2,13,-29.21,-38.95,-132,135,0.00
-89.0,2,3,13,-27.57,-38.13,-148,149,0.00
-89.0,2,4,13,-26.17,-37.31,-171,171,0.00
-89.0,2,5,13,-24.78,-36.39,-189,189,0.00
-89.0,2,6,13,-23.34,-35.33,-228,222,0.00
-89.0,2,7,13,-21.89,-34.25,-259,259,0.00
-89.0,2,8,13,-20.48,-33.10,-342,310,0.00
-89.0,2,9,13,-19.05,-31.83,-373,387,0.00
-89.0,2,10,13,-17.58,-30.54,-411,418,0.00
-89.0,2,11,13,-16.28,-29.42,-463,484,0.00
-89.0,2,12,13,-15.03,-28.25,-588,558,0.00
-89.0,2,13,13,-15.02,-28.24,-537,569,0.00
-89.0,2,14,13,-15.01,-28.23,-558,541,0.00
-89.0,2,15,13,-15.02,-28.29,-586,546,0.00
-92.0,3,0,13,-32.25,-38.95,-126,111,0.00
-92.0,3,1,13,-30.91,-38.36,-128,138,0.00
-92.0,3,2,13,-29.08,-37.29,-151,147,0.00
-92.0,3,3,13,-27.42,-36.21,-178,180,0.00
-92.0,3,4,13,-26.02,-35.19,-208,207,0.00
-92.0,3,5,13,-24.64,-34.15,-224,222,0.00
-92.0,3,6,13,-23.21,-32.96,-271,265,0.00
-92.0,3,7,13,-21.75,-31.70,-312,302,0.00
-92.0,3,8,13,-20.33,-30.42,-362,351,0.00
-92.0,3,9,13,-18.90,-29.15,-413,421,0.00
-92.0,3,10,13,-17.44,-27.80,-520,485,0.00
-92.0,3,11,13,-16.13,-26.57,-564,585,0.00
-92.0,3,12,13,-14.85,-25.41,-658,643,0.00
-92.0,3,13,13,-14.86,-25.43,-676,654,0.00
-92.0,3,14,13,-14.87,-25.40,-676,691,0.00
-92.0,3,15,13,-14.88,-25.43,-648,673,0.00
-92.0,4,0,13,-30.40,-38.01,-135,145,0.00
-92.0,4,1,13,-29.08,-37.29,-144,141,0.00
-92.0,4,2,13,-27.22,-36.03,-180,171,0.00
-92.0,4,3,13,-25.57,-34.82,-205,216,0.00
-92.0,4,4,13,-24.17,-33.74,-252,238,0.00
-92.0,4,5,13,-22.79,-32.57,-271,265,0.00
-92.0,4,6,13,-21.34,-31.34,-324,326,0.00
-92.0,4,7,13,-19.89,-30.03,-381,413,0.00
-92.0,4,8,13,-18.49,-28.75,-440,484,0.00
-92.0,4,9,13,-17.06,-27.44,-505,505,0.00
-92.0,4,10,13,-15.58,-26.04,-616,580,0.00
-92.0,4,11,13,-14.28,-24.80,-770,683,0.00
-92.0,4,12,13,-13.02,-23.61,-791,838,0.00
-92.0,4,13,13,-13.01,-23.62,-880,759,0.00
-92.0,4,14,13,-13.01,-23.62,-844,862,0.00
-92.0,4,15,13,-13.01,-23.63,-801,805,0.00
-92.0,5,0,13,-28.68,-36.90,-176,155,0.00
-92.0,5,1,13,-27.36,-36.10,-170,180,0.00
-92.0,5,2,13,-25.50,-34.72,-213,219,0.00
-92.0,5,3,13,-23.83,-33.44,-245,256,0.00
-92.0,5,4,13,-22.45,-32.28,-286,296,0.00
-92.0,5,5,13,-21.06,-31.07,-325,337,0.00
-92.0,5,6,13,-19.63,-29.78,-410,393,0.00
-92.0,5,7,13,-18.16,-28.43,-447,461,0.00
-92.0,5,8,13,-16.75,-27.12,-572,570,0.00
-92.0,5,9,13,-15.32,-25.77,-637,639,0.00
-92.0,5,10,13,-13.87,-24.38,-694,762,0.00
-92.0,5,11,13,-12.54,-23.16,-905,828,0.00
-92.0,5,12,13,-11.27,-21.92,-1018,1001,0.00
-92.0,5,13,13,-11.28,-21.95,-1050,1000,0.00
-92.0,5,14,13,-11.29,-21.96,-1130,1019,0.00
-92.0,5,15,13,-11.29,-21.93,-1038,1042,0.00
-92.0,6,0,13,-25.65,-34.64,-205,221,0.00
-92.0,6,1,13,-24.32,-33.69,-247,242,0.00
-92.0,6,2,13,-22.48,-32.17,-296,294,0.00
-92.0,6,3,13,-20.81,-30.77,-343,357,0.00
-92.0,6,4,13,-19.41,-29.52,-434,448,0.00
-92.0,6,5,13,-18.03,-28.26,-474,459,0.00
-92.0,6,6,13,-16.59,-26.91,-568,586,0.00
-92.0,6,7,13,-15.14,-25.54,-637,663,0.00
-92.0,6,8,13,-13.73,-24.20,-752,780,0.00
-92.0,6,9,13,-12.29,-22.80,-925,876,0.00
-92.0,6,10,13,-10.83,-21.38,-1050,1127,0.00
-92.0,6,11,13,-9.52,-20.13,-1317,1292,0.03
-92.0,6,12,13,-8.26,-18.89,-1435,1372,0.43
-92.0,6,13,13,-8.26,-18.91,-1394,1409,0.42
-92.0,6,14,13,-8.25,-18.92,-1403,1504,0.42
-92.0,6,15,13,-8.26,-18.93,-1550,1447,0.42
-95.0,7,0,13,-25.64,-32.10,-291,258,0.00
-95.0,7,1,13,-24.30,-31.08,-312,310,0.00
-95.0,7,2,13,-22.44,-29.45,-376,343,0.00
-95.0,7,3,13,-20.79,-27.96,-473,441,0.00
-95.0,7,4,13,-19.39,-26.66,-554,501,0.00
-95.0,7,5,13,-17.99,-25.37,-595,588,0.00
-95.0,7,6,13,-16.57,-23.99,-682,683,0.00
-95.0,7,7,13,-15.12,-22.59,-818,797,0.00
-95.0,7,8,13,-13.69,-21.22,-979,931,0.00
-95.0,7,9,13,-12.26,-19.84,-1130,1196,0.00
-95.0,7,10,13,-10.79,-18.41,-1292,1424,0.07
-95.0,7,11,13,-9.49,-17.14,-1599,1628,0.50
-95.0,7,12,13,-8.21,-15.92,-1902,1773,2.18
-95.0,7,13,13,-8.21,-15.94,-1764,1829,2.23
-95.0,7,14,13,-8.22,-15.93,-1714,1754,2.19
-95.0,7,15,13,-8.22,-15.93,-1811,1817,2.23
-95.0,8,0,13,-22.42,-29.17,-375,350,0.00
-95.0,8,1,13,-21.09,-28.12,-439,434,0.00
-95.0,8,2,13,-19.24,-26.42,-527,495,0.00
-95.0,8,3,13,-17.59,-24.88,-608,591,0.00
-95.0,8,4,13,-16.18,-23.53,-715,697,0.00
-95.0,8,5,13,-14.81,-22.25,-819,819,0.00
-95.0,8,6,13,-13.35,-20.80,-1008,994,0.00
-95.0,8,7,13,-11.91,-19.41,-1244,1154,0.01
-95.0,8,8,13,-10.50,-18.03,-1484,1375,0.13
-95.0,8,9,13,-9.06,-16.57,-1646,1664,0.98
-95.0,8,10,13,-7.59,-15.17,-1967,1918,4.06
-95.0,8,11,13,-6.27,-13.92,-2045,2037,9.92
-95.0,8,12,13,-5.02,-12.67,-2046,2038,17.88
-95.0,8,13,13,-5.01,-12.68,-2047,2039,17.98
-95.0,8,14,13,-5.01,-12.66,-2046,2038,18.01
-95.0,8,15,13,-5.03,-12.71,-2047,2038,17.91
-95.0,9,0,13,-20.89,-27.64,-456,448,0.00
-95.0,9,1,13,-19.57,-26.58,-514,502,0.00
-95.0,9,2,13,-17.71,-24.93,-617,591,0.00
-95.0,9,3,13,-16.04,-23.35,-716,755,0.00
-95.0,9,4,13,-14.65,-22.01,-846,810,0.00
-95.0,9,5,13,-13.26,-20.68,-1030,1010,0.00
-95.0,9,6,13,-11.83,-19.29,-1144,1261,0.01
-95.0,9,7,13,-10.37,-17.82,-1395,1444,0.16
-95.0,9,8,13,-8.97,-16.47,-1591,1615,1.09
-95.0,9,9,13,-7.51,-15.04,-1953,2027,4.41
-95.0,9,10,13,-6.06,-13.61,-2042,2031,11.31
-95.0,9,11,13,-4.75,-12.32,-2046,2038,20.04
-95.0,9,12,13,-3.48,-11.17,-2048,2039,29.54
-95.0,9,13,13,-3.47,-11.15,-2048,2040,29.62
-95.0,9,14,13,-3.49,-11.17,-2048,2041,29.47
-95.0,9,15,13,-3.49,-11.17,-2048,2039,29.51
-95.0,10,0,13,-20.31,-27.11,-475,467,0.00
-95.0,10,1,13,-18.98,-26.00,-574,542,0.00
-95.0,10,2,13,-17.14,-24.33,-694,634,0.00
-95.0,10,3,13,-15.47,-22.77,-765,775,0.00
-95.0,10,4,13,-14.05,-21.40,-941,876,0.00
-95.0,10,5,13,-12.70,-20.09,-1140,1052,0.00
-95.0,10,6,13,-11.23,-18.67,-1236,1335,0.04
-95.0,10,7,13,-9.80,-17.24,-1451,1504,0.39
-95.0,10,8,13,-8.37,-15.87,-1772,1741,2.09
-95.0,10,9,13,-6.96,-14.47,-2010,2003,6.75
-95.0,10,10,13,-5.45,-13.02,-2047,2037,15.10
-95.0,10,11,13,-4.14,-11.76,-2048,2039,24.52
-95.0,10,12,13,-2.90,-10.57,-2048,2039,34.06
-95.0,10,13,13,-2.90,-10.58,-2048,2041,34.13
-95.0,10,14,13,-2.91,-10.56,-2048,2041,34.05
-95.0,10,15,13,-2.90,-10.56,-2048,2040,33.98
-95.0,11,0,13,-19.73,-26.53,-549,525,0.00
-95.0,11,1,13,-18.38,-25.47,-555,556,0.00
-95.0,11,2,13,-16.53,-23.74,-711,695,0.00
-95.0,11,3,13,-14.88,-22.19,-954,940,0.00
-95.0,11,4,13,-13.49,-20.83,-965,927,0.00
-95.0,11,5,13,-12.09,-19.50,-1162,1134,0.00
-95.0,11,6,13,-10.64,-18.06,-1353,1325,0.10
-95.0,11,7,13,-9.18,-16.66,-1611,1715,0.86
-95.0,11,8,13,-7.77,-15.26,-1881,1914,3.60
-95.0,11,9,13,-6.34,-13.86,-2030,2034,9.72
-95.0,11,10,13,-4.88,-12.42,-2046,2037,19.17
-95.0,11,11,13,-3.56,-11.17,-2048,2039,29.01
-95.0,11,12,13,-2.32,-10.07,-2048,2041,38.52
-95.0,11,13,13,-2.34,-10.06,-2048,2041,38.37
-95.0,11,14,13,-2.33,-10.08,-2048,2040,38.41
-95.0,11,15,13,-2.33,-10.05,-2048,2040,38.49
-95.0,12,0,13,-18.92,-25.79,-561,537,0.00
-95.0,12,1,13,-17.60,-24.70,-625,628,0.00
-95.0,12,2,13,-15.76,-22.95,-739,739,0.00
-95.0,12,3,13,-14.10,-21.40,-927,949,0.00
-95.0,12,4,13,-12.69,-20.05,-1147,1131,0.00
-95.0,12,5,13,-11.32,-18.74,-1290,1333,0.03
-95.0,12,6,13,-9.87,-17.29,-1620,1467,0.37
-95.0,12,7,13,-8.39,-15.85,-1832,1771,2.06
-95.0,12,8,13,-6.99,-14.51,-2008,2022,6.52
-95.0,12,9,13,-5.56,-13.07,-2045,2035,14.45
-95.0,12,10,13,-4.11,-11.63,-2047,2039,24.97
-95.0,12,11,13,-2.79,-10.45,-2048,2041,34.98
-95.0,12,12,13,-1.61,-9.42,-2048,2041,43.86
-95.0,12,13,13,-1.61,-9.44,-2048,2041,43.91
-95.0,12,14,13,-1.61,-9.42,-2048,2041,43.98
-95.0,12,15,13,-1.60,-9.42,-2048,2041,43.89
-95.0,13,0,13,-18.85,-25.71,-554,560,0.00
-95.0,13,1,13,-17.55,-24.64,-644,620,0.00
-95.0,13,2,13,-15.69,-22.90,-759,747,0.00
-95.0,13,3,13,-14.02,-21.29,-884,925,0.00
-95.0,13,4,13,-12.62,-19.94,-1082,1116,0.00
-95.0,13,5,13,-11.26,-18.66,-1249,1321,0.03
-95.0,13,6,13,-9.78,-17.19,-1514,1406,0.40
-95.0,13,7,13,-8.35,-15.76,-1776,1876,2.19
-95.0,13,8,13,-6.93,-14.37,-2023,1993,6.84
-95.0,13,9,13,-5.48,-12.98,-2044,2036,15.02
-95.0,13,10,13,-4.03,-11.54,-2047,2038,25.48
-95.0,13,11,13,-2.73,-10.32,-2048,2041,35.37
-95.0,13,12,13,-1.55,-9.34,-2048,2042,44.34
-95.0,13,13,13,-1.56,-9.37,-2048,2041,44.32
-95.0,13,14,13,-1.54,-9.37,-2048,2041,44.50
-95.0,13,15,13,-1.55,-9.34,-2048,2041,44.40
-95.0,14,0,13,-17.55,-24.42,-610,751,0.00
-95.0,14,1,13,-16.23,-23.33,-732,717,0.00
-95.0,14,2,13,-14.37,-21.60,-1001,961,0.00
-95.0,14,3,13,-12.73,-20.01,-1184,1126,0.00
-95.0,14,4,13,-11.32,-18.66,-1318,1363,0.03
-95.0,14,5,13,-9.93,-17.29,-1389,1531,0.34
-95.0,14,6,13,-8.48,-15.88,-1862,1788,1.96
-95.0,14,7,13,-7.04,-14.44,-1999,1962,6.47
-95.0,14,8,13,-5.62,-13.08,-2045,2036,14.26
-95.0,14,9,13,-4.19,-11.65,-2047,2038,24.36
-95.0,14,10,13,-2.75,-10.34,-2048,2041,35.43
-95.0,14,11,13,-1.52,-9.29,-2048,2041,44.66
-95.0,14,12,13,-0.45,-8.50,-2048,2043,52.63
-95.0,14,13,13,-0.45,-8.53,-2048,2042,52.63
-95.0,14,14,13,-0.46,-8.52,-2048,2042,52.58
-95.0,14,15,13,-0.44,-8.51,-2048,2043,52.68
-95.0,15,0,13,-16.99,-23.86,-679,683,0.00
-95.0,15,1,13,-15.68,-22.78,-785,758,0.00
-95.0,15,2,13,-13.81,-21.00,-975,927,0.00
-95.0,15,3,13,-12.16,-19.45,-1173,1134,0.01
-95.0,15,4,13,-10.74,-18.08,-1308,1419,0.10
-95.0,15,5,13,-9.38,-16.75,-1597,1630,0.70
-95.0,15,6,13,-7.92,-15.31,-1869,1763,3.33
-95.0,15,7,13,-6.48,-13.88,-2033,2036,9.20
-95.0,15,8,13,-5.07,-12.52,-2045,2038,18.01
-95.0,15,9,13,-3.63,-11.09,-2047,2039,28.67
-95.0,15,10,13,-2.20,-9.82,-2048,2041,39.46
-95.0,15,11,13,-1.02,-8.88,-2048,2042,48.38
-95.0,15,12,13,-0.01,-8.19,-2048,2044,56.09
-95.0,15,13,13,-0.03,-8.22,-2048,2043,55.98
-95.0,15,14,13,-0.05,-8.20,-2048,2042,55.88
-95.0,15,15,13,-0.05,-8.20,-2048,2043,55.83
dBm,LNA,MIX,VGA,signal,noise,adc_min,adc_max,above_threshold
-83.0,0,0,14,-30.30,-38.32,-128,126,0.00
-83.0,0,1,14,-28.97,-38.07,-139,140,0.00
-83.0,0,2,14,-27.10,-37.83,-153,171,0.00
-83.0,0,3,14,-25.45,-37.49,-178,173,0.00
-83.0,0,4,14,-24.06,-37.10,-205,193,0.00
-83.0,0,5,14,-22.68,-36.63,-216,223,0.00
-83.0,0,6,14,-21.24,-36.06,-247,250,0.00
-83.0,0,7,14,-19.80,-35.43,-280,299,0.00
-83.0,0,8,14,-18.39,-34.63,-330,322,0.00
-83.0,0,9,14,-16.94,-33.71,-384,365,0.00
-83.0,0,10,14,-15.49,-32.72,-417,470,0.00
-83.0,0,11,14,-14.17,-31.72,-504,494,0.00
-83.0,0,12,14,-12.91,-30.72,-555,575,0.00
-83.0,0,13,14,-12.92,-30.72,-568,575,0.00
-83.0,0,14,14,-12.92,-30.70,-569,562,0.00
-83.0,0,15,14,-12.92,-30.71,-572,563,0.00
-86.0,1,0,14,-29.82,-37.93,-133,132,0.00
-86.0,1,1,14,-28.48,-37.68,-146,152,0.00
-86.0,1,2,14,-26.64,-37.19,-169,163,0.00
-86.0,1,3,14,-24.97,-36.72,-182,184,0.00
-86.0,1,4,14,-23.58,-36.14,-233,205,0.00
-86.0,1,5,14,-22.20,-35.51,-240,235,0.00
-86.0,1,6,14,-20.75,-34.70,-276,268,0.00
-86.0,1,7,14,-19.33,-33.80,-322,308,0.00
-86.0,1,8,14,-17.92,-32.84,-356,358,0.00
-86.0,1,9,14,-16.47,-31.78,-435,421,0.00
-86.0,1,10,14,-15.01,-30.61,-509,496,0.00
-86.0,1,11,14,-13.69,-29.50,-570,592,0.00
-86.0,1,12,14,-12.44,-28.43,-639,628,0.00
-86.0,1,13,14,-12.44,-28.45,-638,647,0.00
-86.0,1,14,14,-12.43,-28.42,-629,657,0.00
-86.0,1,15,14,-12.44,-28.41,-632,639,0.00
-89.0,2,0,14,-28.86,-37.07,-150,151,0.00
-89.0,2,1,14,-27.53,-36.64,-169,163,0.00
-89.0,2,2,14,-25.67,-35.84,-194,193,0.00
-89.0,2,3,14,-24.03,-35.05,-231,224,0.00
-89.0,2,4,14,-22.61,-34.21,-258,253,0.00
-89.0,2,5,14,-21.24,-33.31,-290,285,0.00
-89.0,2,6,14,-19.77,-32.23,-325,335,0.00
-89.0,2,7,14,-18.34,-31.14,-408,376,0.00
-89.0,2,8,14,-16.93,-29.98,-483,461,0.00
-89.0,2,9,14,-15.50,-28.77,-514,540,0.00
-89.0,2,10,14,-14.03,-27.46,-614,604,0.00
-89.0,2,11,14,-12.72,-26.24,-704,712,0.00
-89.0,2,12,14,-11.46,-25.13,-850,805,0.00
-89.0,2,13,14,-11.45,-25.10,-815,795,0.00
-89.0,2,14,14,-11.46,-25.08,-898,798,0.00
-89.0,2,15,14,-11.46,-25.10,-839,836,0.00
-92.0,3,0,14,-28.67,-35.88,-166,166,0.00
-92.0,3,1,14,-27.34,-35.27,-187,188,0.00
-92.0,3,2,14,-25.48,-34.19,-245,212,0.00
-92.0,3,3,14,-23.83,-33.13,-275,249,0.00
-92.0,3,4,14,-22.43,-32.11,-294,285,0.00
-92.0,3,5,14,-21.07,-31.03,-321,340,0.00
-92.0,3,6,14,-19.63,-29.83,-405,396,0.00
-92.0,3,7,14,-18.17,-28.60,-435,458,0.00
-92.0,3,8,14,-16.76,-27.35,-531,539,0.00
-92.0,3,9,14,-15.32,-26.00,-625,665,0.00
-92.0,3,10,14,-13.85,-24.65,-754,729,0.00
-92.0,3,11,14,-12.54,-23.40,-873,833,0.00
-92.0,3,12,14,-11.27,-22.26,-922,994,0.00
-92.0,3,13,14,-11.27,-22.24,-963,1019,0.00
-92.0,3,14,14,-11.28,-22.28,-944,942,0.00
-92.0,3,15,14,-11.27,-22.25,-1089,954,0.00
-92.0,4,0,14,-26.81,-34.91,-189,192,0.00
-92.0,4,1,14,-25.48,-34.17,-222,218,0.00
-92.0,4,2,14,-23.63,-32.96,-275,265,0.00
-92.0,4,3,14,-21.96,-31.75,-314,316,0.00
-92.0,4,4,14,-20.56,-30.64,-381,356,0.00
-92.0,4,5,14,-19.20,-29.46,-421,413,0.00
-92.0,4,6,14,-17.76,-28.23,-468,469,0.00
-92.0,4,7,14,-16.31,-26.94,-621,524,0.00
-92.0,4,8,14,-14.89,-25.66,-633,627,0.00
-92.0,4,9,14,-13.46,-24.28,-758,827,0.00
-92.0,4,10,14,-11.99,-22.91,-977,880,0.00
-92.0,4,11,14,-10.67,-21.65,-1024,1030,0.00
-92.0,4,12,14,-9.41,-20.46,-1167,1299,0.03
-92.0,4,13,14,-9.42,-20.42,-1227,1210,0.03
-92.0,4,14,14,-9.41,-20.46,-1268,1238,0.03
-92.0,4,15,14,-9.41,-20.44,-1219,1274,0.03
-92.0,5,0,14,-25.09,-33.81,-236,217,0.00
-92.0,5,1,14,-23.76,-32.99,-258,252,0.00
-92.0,5,2,14,-21.90,-31.67,-309,293,0.00
-92.0,5,3,14,-20.25,-30.37,-363,360,0.00
-92.0,5,4,14,-18.84,-29.17,-419,417,0.00
-92.0,5,5,14,-17.47,-27.96,-511,541,0.00
-92.0,5,6,14,-16.02,-26.66,-582,599,0.00
-92.0,5,7,14,-14.58,-25.33,-666,717,0.00
-92.0,5,8,14,-13.17,-24.04,-767,794,0.00
-92.0,5,9,14,-11.74,-22.62,-947,993,0.00
-92.0,5,10,14,-10.27,-21.22,-1138,1161,0.00
-92.0,5,11,14,-8.95,-19.95,-1263,1266,0.09
-92.0,5,12,14,-7.68,-18.77,-1415,1448,0.84
-92.0,5,13,14,-7.69,-18.75,-1443,1457,0.83
-92.0,5,14,14,-7.68,-18.72,-1561,1491,0.86
-92.0,5,15,14,-7.69,-18.70,-1616,1711,0.84
-95.0,6,0,14,-25.03,-31.60,-274,262,0.00
-95.0,6,1,14,-23.70,-30.64,-305,295,0.00
-95.0,6,2,14,-21.82,-29.13,-411,374,0.00
-95.0,6,3,14,-20.18,-27.67,-443,443,0.00
-95.0,6,4,14,-18.78,-26.41,-503,525,0.00
-95.0,6,5,14,-17.40,-25.16,-588,585,0.00
-95.0,6,6,14,-15.95,-23.78,-702,706,0.00
-95.0,6,7,14,-14.51,-22.43,-782,869,0.00
-95.0,6,8,14,-13.11,-21.07,-983,1058,0.00
-95.0,6,9,14,-11.63,-19.68,-1115,1155,0.00
-95.0,6,10,14,-10.19,-18.26,-1335,1365,0.12
-95.0,6,11,14,-8.86,-16.99,-1525,1743,0.87
-95.0,6,12,14,-7.58,-15.76,-1885,1806,3.34
-95.0,6,13,14,-7.61,-15.77,-1903,1900,3.33
-95.0,6,14,14,-7.60,-15.77,-1818,1897,3.31
-95.0,6,15,14,-7.61,-15.75,-1837,1816,3.31
-95.0,7,0,14,-22.02,-29.06,-370,399,0.00
-95.0,7,1,14,-20.69,-28.04,-426,426,0.00
-95.0,7,2,14,-18.83,-26.41,-536,567,0.00
-95.0,7,3,14,-17.16,-24.90,-638,678,0.00
-95.0,7,4,14,-15.77,-23.58,-705,722,0.00
-95.0,7,5,14,-14.41,-22.26,-832,824,0.00
-95.0,7,6,14,-12.95,-20.92,-981,1043,0.00
-95.0,7,7,14,-11.51,-19.48,-1194,1160,0.01
-95.0,7,8,14,-10.09,-18.12,-1396,1422,0.16
-95.0,7,9,14,-8.64,-16.72,-1816,1628,1.18
-95.0,7,10,14,-7.18,-15.26,-1967,2010,4.87
-95.0,7,11,14,-5.86,-13.97,-2042,2030,11.43
-95.0,7,12,14,-4.61,-12.72,-2046,2039,20.21
-95.0,7,13,14,-4.59,-12.76,-2046,2038,20.25
-95.0,7,14,14,-4.61,-12.74,-2045,2039,20.21
-95.0,7,15,14,-4.60,-12.78,-2045,2038,20.11
-95.0,8,0,14,-18.85,-26.11,-533,550,0.00
-95.0,8,1,14,-17.51,-25.03,-597,616,0.00
-95.0,8,2,14,-15.64,-23.32,-746,730,0.00
-95.0,8,3,14,-13.98,-21.77,-888,947,0.00
-95.0,8,4,14,-12.59,-20.40,-1021,1053,0.00
-95.0,8,5,14,-11.20,-19.09,-1248,1222,0.02
-95.0,8,6,14,-9.76,-17.65,-1483,1481,0.29
-95.0,8,7,14,-8.30,-16.25,-1692,1725,1.80
-95.0,8,8,14,-6.88,-14.87,-1911,1994,6.20
-95.0,8,9,14,-5.44,-13.45,-2045,2036,14.34
-95.0,8,10,14,-3.98,-12.04,-2047,2039,25.02
-95.0,8,11,14,-2.68,-10.83,-2048,2041,35.30
-95.0,8,12,14,-1.50,-9.81,-2048,2043,44.47
-95.0,8,13,14,-1.48,-9.82,-2048,2042,44.52
-95.0,8,14,14,-1.48,-9.82,-2048,2044,44.47
-95.0,8,15,14,-1.49,-9.81,-2048,2042,44.45
-95.0,9,0,14,-17.29,-24.62,-682,594,0.00
-95.0,9,1,14,-15.96,-23.53,-697,751,0.00
-95.0,9,2,14,-14.10,-21.84,-892,864,0.00
-95.0,9,3,14,-12.45,-20.24,-1030,1108,0.00
-95.0,9,4,14,-11.03,-18.87,-1261,1214,0.03
-95.0,9,5,14,-9.65,-17.55,-1434,1516,0.34
-95.0,9,6,14,-8.23,-16.10,-1849,1840,2.03
-95.0,9,7,14,-6.76,-14.67,-2028,2035,6.81
-95.0,9,8,14,-5.33,-13.30,-2045,2038,15.14
-95.0,9,9,14,-3.91,-11.90,-2047,2039,25.83
-95.0,9,10,14,-2.47,-10.56,-2048,2042,37.14
-95.0,9,11,14,-1.22,-9.51,-2048,2044,46.62
-95.0,9,12,14,-0.18,-8.79,-2048,2045,54.41
-95.0,9,13,14,-0.18,-8.82,-2048,2045,54.44
-95.0,9,14,14,-0.18,-8.78,-2048,2044,54.47
-95.0,9,15,14,-0.19,-8.79,-2048,2044,54.43
-95.0,10,0,14,-16.67,-24.07,-673,832,0.00
-95.0,10,1,14,-15.35,-22.95,-772,794,0.00
-95.0,10,2,14,-13.50,-21.19,-905,935,0.00
-95.0,10,3,14,-11.83,-19.64,-1188,1099,0.00
-95.0,10,4,14,-10.41,-18.30,-1373,1305,0.10
-95.0,10,5,14,-9.04,-16.92,-1497,1470,0.80
-95.0,10,6,14,-7.59,-15.50,-1763,1873,3.64
-95.0,10,7,14,-6.14,-14.07,-2037,2036,10.06
-95.0,10,8,14,-4.74,-12.71,-2048,2038,19.50
-95.0,10,9,14,-3.30,-11.33,-2048,2040,30.59
-95.0,10,10,14,-1.88,-10.05,-2048,2041,41.56
-95.0,10,11,14,-0.70,-9.15,-2048,2044,50.48
-95.0,10,12,14,0.25,-8.50,-2048,2046,57.76
-95.0,10,13,14,0.24,-8.46,-2048,2045,57.64
-95.0,10,14,14,0.25,-8.48,-2048,2045,57.65
-95.0,10,15,14,0.26,-8.50,-2048,2045,57.78
-95.0,11,0,14,-16.08,-23.47,-730,827,0.00
-95.0,11,1,14,-14.75,-22.36,-844,796,0.00
-95.0,11,2,14,-12.91,-20.62,-1104,1074,0.00
-95.0,11,3,14,-11.24,-19.06,-1242,1278,0.02
-95.0,11,4,14,-9.81,-17.65,-1430,1542,0.27
-95.0,11,5,14,-8.44,-16.30,-1683,1830,1.61
-95.0,11,6,14,-6.99,-14.87,-1896,2007,5.92
-95.0,11,7,14,-5.55,-13.44,-2045,2036,13.82
-95.0,11,8,14,-4.14,-12.09,-2047,2039,24.13
-95.0,11,9,14,-2.71,-10.74,-2048,2043,35.23
-95.0,11,10,14,-1.33,-9.57,-2048,2045,45.79
-95.0,11,11,14,-0.21,-8.76,-2048,2044,54.21
-95.0,11,12,14,0.65,-8.22,-2048,2046,60.88
-95.0,11,13,14,0.66,-8.25,-2048,2046,60.91
-95.0,11,14,14,0.64,-8.25,-2048,2046,60.87
-95.0,11,15,14,0.66,-8.25,-2048,2045,60.95
-95.0,12,0,14,-15.29,-22.69,-737,769,0.00
-95.0,12,1,14,-13.96,-21.58,-973,887,0.00
-95.0,12,2,14,-12.11,-19.82,-1207,1119,0.00
-95.0,12,3,14,-10.45,-18.25,-1285,1326,0.10
-95.0,12,4,14,-9.03,-16.88,-1495,1616,0.82
-95.0,12,5,14,-7.65,-15.54,-1984,1909,3.56
-95.0,12,6,14,-6.21,-14.08,-2039,2006,9.83
-95.0,12,7,14,-4.76,-12.65,-2046,2038,19.37
-95.0,12,8,14,-3.35,-11.32,-2047,2040,30.27
-95.0,12,9,14,-1.95,-10.06,-2048,2043,41.10
-95.0,12,10,14,-0.65,-9.04,-2048,2044,50.80
-95.0,12,11,14,0.33,-8.37,-2048,2046,58.31
-95.0,12,12,14,1.09,-7.97,-2048,2047,64.63
-95.0,12,13,14,1.10,-7.94,-2048,2045,64.58
-95.0,12,14,14,1.09,-7.94,-2048,2046,64.57
-95.0,12,15,14,1.09,-7.96,-2048,2046,64.56
-95.0,13,0,14,-15.20,-22.64,-881,769,0.00
-95.0,13,1,14,-13.92,-21.53,-914,923,0.00
-95.0,13,2,14,-12.07,-19.76,-1109,1060,0.00
-95.0,13,3,14,-10.37,-18.17,-1384,1288,0.12
-95.0,13,4,14,-8.99,-16.83,-1697,1569,0.88
-95.0,13,5,14,-7.59,-15.47,-1960,1692,3.65
-95.0,13,6,14,-6.13,-14.03,-2040,2037,10.18
-95.0,13,7,14,-4.68,-12.61,-2046,2038,19.89
-95.0,13,8,14,-3.29,-11.23,-2048,2040,30.75
-95.0,13,9,14,-1.88,-10.00,-2048,2042,41.50
-95.0,13,10,14,-0.60,-8.97,-2048,2044,51.23
-95.0,13,11,14,0.38,-8.34,-2048,2045,58.79
-95.0,13,12,14,1.11,-7.91,-2048,2045,64.78
-95.0,13,13,14,1.11,-7.89,-2048,2046,64.83
-95.0,13,14,14,1.11,-7.91,-2048,2047,64.81
-95.0,13,15,14,1.11,-7.90,-2048,2047,64.83
-95.0,14,0,14,-13.91,-21.33,-1031,1055,0.00
-95.0,14,1,14,-12.59,-20.23,-1091,1155,0.00
-95.0,14,2,14,-10.72,-18.44,-1386,1259,0.06
-95.0,14,3,14,-9.06,-16.85,-1610,1505,0.81
-95.0,14,4,14,-7.66,-15.47,-1940,1908,3.58
-95.0,14,5,14,-6.28,-14.10,-2036,2022,9.45
-95.0,14,6,14,-4.81,-12.71,-2045,2036,19.00
-95.0,14,7,14,-3.38,-11.32,-2047,2040,30.01
-95.0,14,8,14,-2.00,-10.06,-2048,2042,40.70
-95.0,14,9,14,-0.71,-9.05,-2048,2044,50.41
-95.0,14,10,14,0.39,-8.34,-2048,2045,58.72
-95.0,14,11,14,1.14,-7.87,-2048,2046,65.14
-95.0,14,12,14,1.70,-7.50,-2048,2047,70.19
-95.0,14,13,14,1.69,-7.47,-2048,2047,70.19
-95.0,14,14,14,1.70,-7.53,-2048,2047,70.24
-95.0,14,15,14,1.70,-7.48,-2048,2047,70.22
-95.0,15,0,14,-13.36,-20.80,-1033,1010,0.00
-95.0,15,1,14,-12.04,-19.70,-1089,1240,0.00
-95.0,15,2,14,-10.18,-17.91,-1370,1494,0.16
-95.0,15,3,14,-8.51,-16.28,-1747,1730,1.61
-95.0,15,4,14,-7.11,-14.92,-1961,2015,5.56
-95.0,15,5,14,-5.72,-13.57,-2042,2031,12.91
-95.0,15,6,14,-4.28,-12.15,-2047,2037,23.17
-95.0,15,7,14,-2.85,-10.77,-2048,2042,34.25
-95.0,15,8,14,-1.52,-9.58,-2048,2042,44.54
-95.0,15,9,14,-0.29,-8.72,-2048,2044,53.68
-95.0,15,10,14,0.70,-8.08,-2048,2046,61.40
-95.0,15,11,14,1.40,-7.65,-2048,2047,67.46
-95.0,15,12,14,1.89,-7.37,-2048,2047,72.24
-95.0,15,13,14,1.89,-7.37,-2048,2047,72.20
-95.0,15,14,14,1.90,-7.37,-2048,2047,72.24
-95.0,15,15,14,1.89,-7.36,-2048,2047,72.16
dBm,LNA,MIX,VGA,signal,noise,adc_min,adc_max,above_threshold
-86.0,0,0,15,-29.06,-35.06,-182,177,0.00
-86.0,0,1,15,-27.72,-34.82,-193,185,0.00
-86.0,0,2,15,-25.89,-34.56,-195,199,0.00
-86.0,0,3,15,-24.22,-34.23,-239,216,0.00
-86.0,0,4,15,-22.80,-33.86,-248,242,0.00
-86.0,0,5,15,-21.45,-33.37,-271,269,0.00
-86.0,0,6,15,-20.01,-32.78,-311,300,0.00
-86.0,0,7,15,-18.57,-32.08,-362,346,0.00
-86.0,0,8,15,-17.14,-31.30,-409,407,0.00
-86.0,0,9,15,-15.72,-30.38,-461,460,0.00
-86.0,0,10,15,-14.26,-29.37,-553,544,0.00
-86.0,0,11,15,-12.94,-28.35,-632,629,0.00
-86.0,0,12,15,-11.68,-27.33,-706,763,0.00
-86.0,0,13,15,-11.67,-27.37,-712,697,0.00
-86.0,0,14,15,-11.68,-27.36,-752,723,0.00
-86.0,0,15,15,-11.68,-27.35,-708,676,0.00
-86.0,1,0,15,-25.83,-34.68,-223,223,0.00
-86.0,1,1,15,-24.50,-34.40,-230,217,0.00
-86.0,1,2,15,-22.64,-33.94,-254,249,0.00
-86.0,1,3,15,-20.99,-33.44,-300,300,0.00
-86.0,1,4,15,-19.59,-32.86,-312,320,0.00
-86.0,1,5,15,-18.21,-32.23,-359,369,0.00
-86.0,1,6,15,-16.75,-31.42,-427,441,0.00
-86.0,1,7,15,-15.31,-30.52,-494,470,0.00
-86.0,1,8,15,-13.90,-29.52,-552,550,0.00
-86.0,1,9,15,-12.46,-28.40,-676,657,0.00
-86.0,1,10,15,-11.01,-27.25,-771,779,0.00
-86.0,1,11,15,-9.67,-26.08,-846,901,0.00
-86.0,1,12,15,-8.41,-25.02,-989,1005,0.00
-86.0,1,13,15,-8.42,-24.99,-1016,1020,0.00
-86.0,1,14,15,-8.41,-24.97,-1007,1000,0.00
-86.0,1,15,15,-8.42,-24.99,-1020,964,0.00
-89.0,2,0,15,-24.86,-33.83,-229,234,0.00
-89.0,2,1,15,-23.55,-33.34,-247,238,0.00
-89.0,2,2,15,-21.69,-32.57,-302,292,0.00
-89.0,2,3,15,-20.03,-31.75,-346,313,0.00
-89.0,2,4,15,-18.64,-30.90,-391,388,0.00
-89.0,2,5,15,-17.25,-30.00,-429,429,0.00
-89.0,2,6,15,-15.82,-28.95,-487,512,0.00
-89.0,2,7,15,-14.37,-27.76,-595,580,0.00
-89.0,2,8,15,-12.96,-26.63,-685,727,0.00
-89.0,2,9,15,-11.51,-25.37,-834,801,0.00
-89.0,2,10,15,-10.06,-24.05,-974,978,0.00
-89.0,2,11,15,-8.73,-22.82,-1150,1122,0.00
-89.0,2,12,15,-7.47,-21.64,-1478,1288,0.15
-89.0,2,13,15,-7.47,-21.63,-1328,1346,0.15
-89.0,2,14,15,-7.48,-21.62,-1239,1274,0.14
-89.0,2,15,15,-7.48,-21.62,-1241,1305,0.13
-92.0,3,0,15,-24.73,-32.60,-255,251,0.00
-92.0,3,1,15,-23.40,-31.98,-272,284,0.00
-92.0,3,2,15,-21.54,-30.91,-335,325,0.00
-92.0,3,3,15,-19.89,-29.84,-394,369,0.00
-92.0,3,4,15,-18.49,-28.81,-444,454,0.00
-92.0,3,5,15,-17.11,-27.70,-526,507,0.00
-92.0,3,6,15,-15.66,-26.49,-622,603,0.00
-92.0,3,7,15,-14.24,-25.23,-676,682,0.00
-92.0,3,8,15,-12.82,-23.97,-834,790,0.00
-92.0,3,9,15,-11.36,-22.64,-1057,1060,0.00
-92.0,3,10,15,-9.90,-21.25,-1079,1146,0.00
-92.0,3,11,15,-8.57,-19.96,-1234,1264,0.12
-92.0,3,12,15,-7.32,-18.75,-1543,1617,1.13
-92.0,3,13,15,-7.31,-18.76,-1476,1463,1.15
-92.0,3,14,15,-7.33,-18.76,-1476,1570,1.15
-92.0,3,15,15,-7.33,-18.77,-1440,1420,1.13
-92.0,4,0,15,-22.89,-31.66,-312,283,0.00
-92.0,4,1,15,-21.55,-30.92,-323,319,0.00
-92.0,4,2,15,-19.71,-29.68,-391,378,0.00
-92.0,4,3,15,-18.05,-28.44,-479,472,0.00
-92.0,4,4,15,-16.65,-27.33,-531,550,0.00
-92.0,4,5,15,-15.26,-26.16,-643,596,0.00
-92.0,4,6,15,-13.81,-24.86,-700,714,0.00
-92.0,4,7,15,-12.37,-23.60,-841,859,0.00
-92.0,4,8,15,-10.95,-22.26,-1022,1082,0.00
-92.0,4,9,15,-9.52,-20.88,-1129,1217,0.01
-92.0,4,10,15,-8.05,-19.48,-1353,1375,0.34
-92.0,4,11,15,-6.73,-18.19,-1635,1660,2.55
-92.0,4,12,15,-5.47,-16.98,-1851,1885,8.67
-92.0,4,13,15,-5.47,-16.94,-1864,1833,8.60
-92.0,4,14,15,-5.46,-16.99,-1888,1957,8.58
-92.0,4,15,15,-5.47,-16.97,-1797,1811,8.62
-95.0,5,0,15,-24.13,-30.56,-320,312,0.00
-95.0,5,1,15,-22.84,-29.74,-345,351,0.00
-95.0,5,2,15,-20.95,-28.40,-414,410,0.00
-95.0,5,3,15,-19.29,-27.01,-486,470,0.00
-95.0,5,4,15,-17.90,-25.86,-549,521,0.00
-95.0,5,5,15,-16.54,-24.67,-639,642,0.00
-95.0,5,6,15,-15.09,-23.32,-819,753,0.00
-95.0,5,7,15,-13.62,-21.98,-890,946,0.00
-95.0,5,8,15,-12.24,-20.66,-1031,1055,0.00
-95.0,5,9,15,-10.78,-19.27,-1276,1243,0.02
-95.0,5,10,15,-9.31,-17.82,-1424,1635,0.33
-95.0,5,11,15,-7.98,-16.53,-1766,1775,1.93
-95.0,5,12,15,-6.71,-15.34,-1891,1999,5.95
-95.0,5,13,15,-6.71,-15.28,-2006,1981,6.04
-95.0,5,14,15,-6.71,-15.27,-2025,2035,6.04
-95.0,5,15,15,-6.70,-15.35,-1939,1992,6.00
-95.0,6,0,15,-21.13,-28.34,-387,379,0.00
-95.0,6,1,15,-19.80,-27.35,-469,451,0.00
-95.0,6,2,15,-17.95,-25.85,-569,549,0.00
-95.0,6,3,15,-16.29,-24.39,-650,651,0.00
-95.0,6,4,15,-14.88,-23.12,-813,773,0.00
-95.0,6,5,15,-13.50,-21.83,-932,874,0.00
-95.0,6,6,15,-12.06,-20.47,-1038,1051,0.00
-95.0,6,7,15,-10.61,-19.06,-1202,1218,0.04
-95.0,6,8,15,-9.18,-17.69,-1632,1413,0.43
-95.0,6,9,15,-7.74,-16.24,-1786,1810,2.50
-95.0,6,10,15,-6.26,-14.84,-2025,2011,8.27
-95.0,6,11,15,-4.95,-13.54,-2046,2035,16.77
-95.0,6,12,15,-3.69,-12.33,-2048,2038,26.75
-95.0,6,13,15,-3.68,-12.31,-2048,2037,26.79
-95.0,6,14,15,-3.68,-12.29,-2048,2038,26.66
-95.0,6,15,15,-3.70,-12.27,-2048,2038,26.71
-95.0,7,0,15,-18.12,-25.79,-561,561,0.00
-95.0,7,1,15,-16.79,-24.74,-654,664,0.00
-95.0,7,2,15,-14.94,-23.07,-793,768,0.00
-95.0,7,3,15,-13.29,-21.56,-1010,911,0.00
-95.0,7,4,15,-11.88,-20.24,-1106,1053,0.00
-95.0,7,5,15,-10.49,-18.89,-1305,1300,0.05
-95.0,7,6,15,-9.06,-17.46,-1516,1607,0.55
-95.0,7,7,15,-7.57,-16.06,-1779,1790,3.02
-95.0,7,8,15,-6.19,-14.66,-2016,2006,8.82
-95.0,7,9,15,-4.74,-13.23,-2047,2034,18.57
-95.0,7,10,15,-3.27,-11.82,-2048,2040,30.23
-95.0,7,11,15,-1.96,-10.66,-2048,2039,40.58
-95.0,7,12,15,-0.81,-9.77,-2048,2040,49.33
-95.0,7,13,15,-0.83,-9.72,-2048,2042,49.23
-95.0,7,14,15,-0.81,-9.73,-2048,2041,49.33
-95.0,7,15,15,-0.82,-9.73,-2048,2041,49.42
-95.0,8,0,15,-14.91,-22.85,-782,769,0.00
-95.0,8,1,15,-13.60,-21.75,-934,922,0.00
-95.0,8,2,15,-11.73,-20.02,-1104,1096,0.00
-95.0,8,3,15,-10.05,-18.41,-1293,1306,0.12
-95.0,8,4,15,-8.65,-17.04,-1738,1556,0.97
-95.0,8,5,15,-7.27,-15.70,-1952,1876,4.03
-95.0,8,6,15,-5.81,-14.24,-2039,2028,11.12
-95.0,8,7,15,-4.36,-12.78,-2048,2037,21.45
-95.0,8,8,15,-2.96,-11.47,-2048,2039,32.83
-95.0,8,9,15,-1.56,-10.25,-2048,2041,43.79
-95.0,8,10,15,-0.30,-9.26,-2048,2041,53.26
-95.0,8,11,15,0.66,-8.67,-2048,2044,60.58
-95.0,8,12,15,1.36,-8.27,-2048,2044,66.32
-95.0,8,13,15,1.35,-8.24,-2048,2044,66.34
-95.0,8,14,15,1.34,-8.23,-2048,2044,66.30
-95.0,8,15,15,1.35,-8.22,-2048,2044,66.41
-95.0,9,0,15,-13.37,-21.33,-920,940,0.00
-95.0,9,1,15,-12.05,-20.19,-1236,1166,0.00
-95.0,9,2,15,-10.17,-18.47,-1298,1329,0.10
-95.0,9,3,15,-8.52,-16.85,-1511,1663,1.16
-95.0,9,4,15,-7.13,-15.48,-1889,1980,4.62
-95.0,9,5,15,-5.71,-14.15,-2037,2025,11.83
-95.0,9,6,15,-4.25,-12.70,-2048,2039,22.31
-95.0,9,7,15,-2.83,-11.31,-2048,2039,33.84
-95.0,9,8,15,-1.47,-10.11,-2048,2041,44.58
-95.0,9,9,15,-0.24,-9.21,-2048,2041,53.76
-95.0,9,10,15,0.78,-8.53,-2048,2043,61.72
-95.0,9,11,15,1.48,-8.14,-2048,2044,67.51
-95.0,9,12,15,1.97,-7.80,-2048,2045,72.18
-95.0,9,13,15,1.95,-7.75,-2048,2047,72.18
-95.0,9,14,15,1.96,-7.77,-2048,2045,72.19
-95.0,9,15,15,1.96,-7.80,-2048,2046,72.16
-95.0,10,0,15,-12.77,-20.78,-1062,1043,0.00
-95.0,10,1,15,-11.46,-19.61,-1270,1117,0.01
-95.0,10,2,15,-9.58,-17.84,-1387,1416,0.28
-95.0,10,3,15,-7.93,-16.25,-1787,1803,2.28
-95.0,10,4,15,-6.49,-14.88,-2044,2034,7.44
-95.0,10,5,15,-5.13,-13.50,-2046,2037,15.83
-95.0,10,6,15,-3.66,-12.09,-2048,2037,27.18
-95.0,10,7,15,-2.24,-10.74,-2048,2039,38.46
-95.0,10,8,15,-0.94,-9.66,-2048,2040,48.52
-95.0,10,9,15,0.22,-8.89,-2048,2042,57.31
-95.0,10,10,15,1.12,-8.33,-2048,2042,64.43
-95.0,10,11,15,1.72,-7.91,-2048,2044,69.73
-95.0,10,12,15,2.13,-7.62,-2048,2046,74.02
-95.0,10,13,15,2.13,-7.61,-2048,2046,74.03
-95.0,10,14,15,2.13,-7.60,-2048,2046,74.09
-95.0,10,15,15,2.11,-7.59,-2048,2046,73.97
-95.0,11,0,15,-12.21,-20.17,-1056,1083,0.00
-95.0,11,1,15,-10.88,-19.00,-1220,1213,0.03
-95.0,11,2,15,-9.00,-17.26,-1606,1659,0.64
-95.0,11,3,15,-7.33,-15.63,-1973,1997,3.92
-95.0,11,4,15,-5.91,-14.29,-2040,2032,10.67
-95.0,11,5,15,-4.55,-12.90,-2048,2038,20.20
-95.0,11,6,15,-3.08,-11.53,-2048,2038,31.83
-95.0,11,7,15,-1.68,-10.26,-2048,2041,42.91
-95.0,11,8,15,-0.45,-9.31,-2048,2041,52.17
-95.0,11,9,15,0.59,-8.62,-2048,2043,60.21
-95.0,11,10,15,1.41,-8.14,-2048,2045,67.01
-95.0,11,11,15,1.93,-7.79,-2048,2045,71.88
-95.0,11,12,15,2.29,-7.45,-2048,2047,75.82
-95.0,11,13,15,2.28,-7.47,-2048,2047,75.75
-95.0,11,14,15,2.28,-7.46,-2048,2047,75.71
-95.0,11,15,15,2.28,-7.44,-2048,2046,75.79
-95.0,12,0,15,-11.42,-19.44,-1179,1139,0.01
-95.0,12,1,15,-10.09,-18.25,-1416,1476,0.13
-95.0,12,2,15,-8.23,-16.48,-1695,1738,1.72
-95.0,12,3,15,-6.57,-14.87,-2029,2030,7.17
-95.0,12,4,15,-5.16,-13.48,-2045,2033,15.77
-95.0,12,5,15,-3.76,-12.14,-2048,2037,26.48
-95.0,12,6,15,-2.34,-10.81,-2048,2040,37.94
-95.0,12,7,15,-0.99,-9.71,-2048,2041,48.29
-95.0,12,8,15,0.15,-8.92,-2048,2042,56.65
-95.0,12,9,15,1.07,-8.33,-2048,2044,64.05
-95.0,12,10,15,1.73,-7.83,-2048,2044,69.98
-95.0,12,11,15,2.16,-7.57,-2048,2046,74.33
-95.0,12,12,15,2.45,-7.27,-2048,2047,77.83
-95.0,12,13,15,2.44,-7.22,-2048,2047,77.89
-95.0,12,14,15,2.45,-7.27,-2048,2047,77.84
-95.0,12,15,15,2.44,-7.29,-2048,2047,77.86
-95.0,13,0,15,-11.35,-19.35,-1227,1159,0.01
-95.0,13,1,15,-10.00,-18.21,-1410,1431,0.14
-95.0,13,2,15,-8.15,-16.41,-1643,1803,1.86
-95.0,13,3,15,-6.48,-14.78,-1977,1988,7.65
-95.0,13,4,15,-5.07,-13.41,-2047,2035,16.37
-95.0,13,5,15,-3.70,-12.08,-2048,2037,27.00
-95.0,13,6,15,-2.26,-10.75,-2048,2039,38.44
-95.0,13,7,15,-0.91,-9.63,-2048,2041,48.72
-95.0,13,8,15,0.19,-8.82,-2048,2043,57.03
-95.0,13,9,15,1.08,-8.31,-2048,2043,64.23
-95.0,13,10,15,1.76,-7.88,-2048,2045,70.26
-95.0,13,11,15,2.18,-7.56,-2048,2047,74.53
-95.0,13,12,15,2.47,-7.26,-2048,2047,78.12
-95.0,13,13,15,2.45,-7.22,-2048,2047,77.90
-95.0,13,14,15,2.46,-7.20,-2048,2047,78.00
-95.0,13,15,15,2.47,-7.25,-2048,2047,78.10
-95.0,14,0,15,-10.03,-18.04,-1453,1458,0.18
-95.0,14,1,15,-8.71,-16.84,-1735,1529,1.03
-95.0,14,2,15,-6.83,-15.09,-1951,1982,6.03
-95.0,14,3,15,-5.18,-13.44,-2047,2035,15.72
-95.0,14,4,15,-3.75,-12.10,-2048,2038,26.58
-95.0,14,5,15,-2.40,-10.80,-2048,2040,37.41
-95.0,14,6,15,-1.03,-9.72,-2048,2042,47.87
-95.0,14,7,15,0.13,-8.87,-2048,2042,56.57
-95.0,14,8,15,1.02,-8.31,-2048,2043,63.65
-95.0,14,9,15,1.69,-7.88,-2048,2045,69.63
-95.0,14,10,15,2.17,-7.49,-2048,2046,74.64
-95.0,14,11,15,2.49,-7.25,-2048,2047,78.20
-95.0,14,12,15,2.67,-6.93,-2048,2047,80.98
-95.0,14,13,15,2.68,-6.95,-2048,2047,81.05
-95.0,14,14,15,2.68,-6.97,-2048,2047,81.02
-95.0,14,15,15,2.65,-6.86,-2048,2047,80.93
-95.0,15,0,15,-9.45,-17.46,-1450,1612,0.41
-95.0,15,1,15,-8.12,-16.31,-1668,1681,1.97
-95.0,15,2,15,-6.26,-14.47,-2045,2029,8.90
-95.0,15,3,15,-4.60,-12.89,-2048,2036,19.99
-95.0,15,4,15,-3.18,-11.55,-2048,2038,31.18
-95.0,15,5,15,-1.84,-10.35,-2048,2039,41.64
-95.0,15,6,15,-0.55,-9.33,-2048,2041,51.44
-95.0,15,7,15,0.52,-8.65,-2048,2042,59.62
-95.0,15,8,15,1.30,-8.09,-2048,2044,66.12
-95.0,15,9,15,1.88,-7.70,-2048,2047,71.61
-95.0,15,10,15,2.30,-7.39,-2048,2047,76.13
-95.0,15,11,15,2.57,-7.07,-2048,2047,79.46
-95.0,15,12,15,2.76,-6.85,-2048,2047,82.14
-95.0,15,13,15,2.72,-6.78,-2048,2047,82.08
-95.0,15,14,15,2.75,-6.87,-2048,2047,82.13
-95.0,15,15,15,2.73,-6.78,-2048,2047,82.01
